/local/S.Rasp/MPI_Aqua/Aqua_CorrectedReflectance20161224.png,,,,,
/local/S.Rasp/MPI_Aqua/Aqua_CorrectedReflectance20101228.png,108,25,1131,509,Cold pool
/local/S.Rasp/MPI_Aqua/Aqua_CorrectedReflectance20140106.png,463,419,1134,1131,Flower
/local/S.Rasp/MPI_Aqua/Aqua_CorrectedReflectance20140106.png,483,20,1128,379,Shallow
/local/S.Rasp/MPI_Aqua/Aqua_CorrectedReflectance20160205.png,,,,,
/local/S.Rasp/MPI_Aqua/Aqua_CorrectedReflectance20161215.png,,,,,
/local/S.Rasp/MPI_Aqua/Aqua_CorrectedReflectance20091208.png,16,689,1140,1130,Fishbone
/local/S.Rasp/MPI_Aqua/Aqua_CorrectedReflectance20091208.png,109,53,1121,643,Shallow
/local/S.Rasp/MPI_Aqua/Aqua_CorrectedReflectance20071215.png,209,775,1059,1121,Fishbone
/local/S.Rasp/MPI_Aqua/Aqua_CorrectedReflectance20071215.png,17,724,1108,1116,Cold pool
/local/S.Rasp/MPI_Aqua/Aqua_CorrectedReflectance20090119.png,728,511,1126,1128,Cold pool
/local/S.Rasp/MPI_Aqua/Aqua_CorrectedReflectance20110223.png,68,383,909,896,Shallow
/local/S.Rasp/MPI_Aqua/Aqua_CorrectedReflectance20101209.png,57,211,1113,831,Shallow
/local/S.Rasp/MPI_Aqua/Aqua_CorrectedReflectance20121215.png,4,715,398,1135,Cold pool
/local/S.Rasp/MPI_Aqua/Aqua_CorrectedReflectance20130225.png,28,725,1125,1064,Shallow
/local/S.Rasp/MPI_Aqua/Aqua_CorrectedReflectance20170129.png,0,476,927,1142,Fishbone
/local/S.Rasp/MPI_Aqua/Aqua_CorrectedReflectance20170129.png,21,476,1131,1143,Fishbone
/local/S.Rasp/MPI_Aqua/Aqua_CorrectedReflectance20170213.png,,,,,
/local/S.Rasp/MPI_Aqua/Aqua_CorrectedReflectance20091230.png,,,,,
/local/S.Rasp/MPI_Aqua/Aqua_CorrectedReflectance20130105.png,,,,,
/local/S.Rasp/MPI_Aqua/Aqua_CorrectedReflectance20160226.png,11,544,904,1140,Cold pool
/local/S.Rasp/MPI_Aqua/Aqua_CorrectedReflectance20160226.png,10,530,899,1136,Cold pool
/local/S.Rasp/MPI_Aqua/Aqua_CorrectedReflectance20080114.png,34,169,441,729,Shallow
/local/S.Rasp/MPI_Aqua/Aqua_CorrectedReflectance20140104.png,110,102,733,766,Cold pool
/local/S.Rasp/MPI_Aqua/Aqua_CorrectedReflectance20111204.png,,,,,
/local/S.Rasp/MPI_Aqua/Aqua_CorrectedReflectance20150101.png,489,324,1128,718,Fishbone
/local/S.Rasp/MPI_Aqua/Aqua_CorrectedReflectance20111221.png,8,781,1023,1107,Fishbone
/local/S.Rasp/MPI_Aqua/Aqua_CorrectedReflectance20151214.png,,,,,
/local/S.Rasp/MPI_Aqua/Aqua_CorrectedReflectance20120120.png,13,458,1114,1128,Shallow
/local/S.Rasp/MPI_Aqua/Aqua_CorrectedReflectance20140218.png,20,97,650,660,Fishbone
/local/S.Rasp/MPI_Aqua/Aqua_CorrectedReflectance20110216.png,57,388,1135,1138,Flower
/local/S.Rasp/MPI_Aqua/Aqua_CorrectedReflectance20131208.png,6,894,1134,1138,Shallow
/local/S.Rasp/MPI_Aqua/Aqua_CorrectedReflectance20130112.png,545,254,1125,724,Cold pool
/local/S.Rasp/MPI_Aqua/Aqua_CorrectedReflectance20080215.png,,,,,
/local/S.Rasp/MPI_Aqua/Aqua_CorrectedReflectance20090204.png,23,188,600,634,Shallow
/local/S.Rasp/MPI_Aqua/Aqua_CorrectedReflectance20160119.png,494,308,1125,1129,Shallow
/local/S.Rasp/MPI_Aqua/Aqua_CorrectedReflectance20160119.png,116,103,838,1135,Flower
/local/S.Rasp/MPI_Aqua/Aqua_CorrectedReflectance20121210.png,172,682,778,1138,Cold pool
/local/S.Rasp/MPI_Aqua/Aqua_CorrectedReflectance20110110.png,194,428,1120,925,Flower
/local/S.Rasp/MPI_Aqua/Aqua_CorrectedReflectance20100127.png,226,860,1134,1133,Flower
/local/S.Rasp/MPI_Aqua/Aqua_CorrectedReflectance20100127.png,403,213,1137,624,Fishbone
/local/S.Rasp/MPI_Aqua/Aqua_CorrectedReflectance20080201.png,,,,,
/local/S.Rasp/MPI_Aqua/Aqua_CorrectedReflectance20170218.png,173,17,614,640,Shallow
/local/S.Rasp/MPI_Aqua/Aqua_CorrectedReflectance20141231.png,102,406,1118,1129,Shallow
/local/S.Rasp/MPI_Aqua/Aqua_CorrectedReflectance20121225.png,417,11,1129,267,Shallow
/local/S.Rasp/MPI_Aqua/Aqua_CorrectedReflectance20161221.png,,,,,
/local/S.Rasp/MPI_Aqua/Aqua_CorrectedReflectance20160203.png,,,,,
/local/S.Rasp/MPI_Aqua/Aqua_CorrectedReflectance20151202.png,,,,,
/local/S.Rasp/MPI_Aqua/Aqua_CorrectedReflectance20160102.png,4,10,537,640,Shallow
/local/S.Rasp/MPI_Aqua/Aqua_CorrectedReflectance20160102.png,4,611,1052,1095,Flower
/local/S.Rasp/MPI_Aqua/Aqua_CorrectedReflectance20090220.png,7,330,566,1127,Flower
/local/S.Rasp/MPI_Aqua/Aqua_CorrectedReflectance20090101.png,463,779,1136,1130,Shallow
/local/S.Rasp/MPI_Aqua/Aqua_CorrectedReflectance20080207.png,,,,,
/local/S.Rasp/MPI_Aqua/Aqua_CorrectedReflectance20120215.png,124,173,821,850,Shallow
/local/S.Rasp/MPI_Aqua/Aqua_CorrectedReflectance20151208.png,208,526,912,1106,Cold pool
/local/S.Rasp/MPI_Aqua/Aqua_CorrectedReflectance20151208.png,181,503,884,1121,Cold pool
/local/S.Rasp/MPI_Aqua/Aqua_CorrectedReflectance20170125.png,,,,,
/local/S.Rasp/MPI_Aqua/Aqua_CorrectedReflectance20161202.png,30,669,1124,1130,Cold pool
/local/S.Rasp/MPI_Aqua/Aqua_CorrectedReflectance20161202.png,79,707,1122,1122,Cold pool
/local/S.Rasp/MPI_Aqua/Aqua_CorrectedReflectance20130127.png,15,240,1123,1124,Flower
/local/S.Rasp/MPI_Aqua/Aqua_CorrectedReflectance20121206.png,15,425,693,755,Fishbone
/local/S.Rasp/MPI_Aqua/Aqua_CorrectedReflectance20130216.png,16,240,1131,1128,Flower
/local/S.Rasp/MPI_Aqua/Aqua_CorrectedReflectance20071227.png,23,709,788,1003,Cold pool
/local/S.Rasp/MPI_Aqua/Aqua_CorrectedReflectance20071227.png,416,16,1123,370,Shallow
/local/S.Rasp/MPI_Aqua/Aqua_CorrectedReflectance20160124.png,476,12,1128,1124,Shallow
/local/S.Rasp/MPI_Aqua/Aqua_CorrectedReflectance20160124.png,520,13,1128,1105,Shallow
/local/S.Rasp/MPI_Aqua/Aqua_CorrectedReflectance20120128.png,5,533,574,1131,Flower
/local/S.Rasp/MPI_Aqua/Aqua_CorrectedReflectance20140117.png,55,14,611,522,Shallow
/local/S.Rasp/MPI_Aqua/Aqua_CorrectedReflectance20101214.png,103,226,1110,1094,Cold pool
/local/S.Rasp/MPI_Aqua/Aqua_CorrectedReflectance20120117.png,352,211,1130,1133,Shallow
/local/S.Rasp/MPI_Aqua/Aqua_CorrectedReflectance20081219.png,,,,,
/local/S.Rasp/MPI_Aqua/Aqua_CorrectedReflectance20080120.png,9,513,1131,858,Fishbone
/local/S.Rasp/MPI_Aqua/Aqua_CorrectedReflectance20170115.png,23,511,990,1126,Shallow
/local/S.Rasp/MPI_Aqua/Aqua_CorrectedReflectance20170115.png,73,445,1120,1118,Shallow
/local/S.Rasp/MPI_Aqua/Aqua_CorrectedReflectance20090209.png,342,322,952,705,Shallow
/local/S.Rasp/MPI_Aqua/Aqua_CorrectedReflectance20120114.png,26,719,918,1118,Cold pool
/local/S.Rasp/MPI_Aqua/Aqua_CorrectedReflectance20131225.png,,,,,
/local/S.Rasp/MPI_Aqua/Aqua_CorrectedReflectance20140115.png,,,,,
/local/S.Rasp/MPI_Aqua/Aqua_CorrectedReflectance20140219.png,86,705,853,1022,Shallow
/local/S.Rasp/MPI_Aqua/Aqua_CorrectedReflectance20110218.png,70,331,727,937,Shallow
/local/S.Rasp/MPI_Aqua/Aqua_CorrectedReflectance20150221.png,43,302,582,842,Shallow
/local/S.Rasp/MPI_Aqua/Aqua_CorrectedReflectance20080225.png,,,,,
/local/S.Rasp/MPI_Aqua/Aqua_CorrectedReflectance20100222.png,,,,,
/local/S.Rasp/MPI_Aqua/Aqua_CorrectedReflectance20151213.png,,,,,
/local/S.Rasp/MPI_Aqua/Aqua_CorrectedReflectance20100121.png,38,18,1120,701,Shallow
/local/S.Rasp/MPI_Aqua/Aqua_CorrectedReflectance20111201.png,,,,,
/local/S.Rasp/MPI_Aqua/Aqua_CorrectedReflectance20150124.png,32,85,1125,1136,Shallow
/local/S.Rasp/MPI_Aqua/Aqua_CorrectedReflectance20170130.png,218,140,1127,1120,Flower
/local/S.Rasp/MPI_Aqua/Aqua_CorrectedReflectance20170130.png,202,129,1128,1136,Flower
/local/S.Rasp/MPI_Aqua/Aqua_CorrectedReflectance20150222.png,59,123,1122,595,Shallow
/local/S.Rasp/MPI_Aqua/Aqua_CorrectedReflectance20090106.png,,,,,
/local/S.Rasp/MPI_Aqua/Aqua_CorrectedReflectance20121226.png,646,11,1135,719,Shallow
/local/S.Rasp/MPI_Aqua/Aqua_CorrectedReflectance20150212.png,739,481,1131,1144,Flower
/local/S.Rasp/MPI_Aqua/Aqua_CorrectedReflectance20150212.png,10,33,458,1003,Shallow
/local/S.Rasp/MPI_Aqua/Aqua_CorrectedReflectance20110224.png,,,,,
/local/S.Rasp/MPI_Aqua/Aqua_CorrectedReflectance20110129.png,141,253,1117,1127,Flower
/local/S.Rasp/MPI_Aqua/Aqua_CorrectedReflectance20150127.png,,,,,
/local/S.Rasp/MPI_Aqua/Aqua_CorrectedReflectance20100105.png,15,31,1125,1103,Shallow
/local/S.Rasp/MPI_Aqua/Aqua_CorrectedReflectance20080227.png,10,256,790,1096,Flower
/local/S.Rasp/MPI_Aqua/Aqua_CorrectedReflectance20130117.png,11,691,1130,1141,Flower
/local/S.Rasp/MPI_Aqua/Aqua_CorrectedReflectance20120102.png,134,512,1110,1115,Shallow
/local/S.Rasp/MPI_Aqua/Aqua_CorrectedReflectance20120102.png,21,169,1106,499,Cold pool
/local/S.Rasp/MPI_Aqua/Aqua_CorrectedReflectance20111220.png,,,,,
/local/S.Rasp/MPI_Aqua/Aqua_CorrectedReflectance20110122.png,16,18,1122,1125,Cold pool
/local/S.Rasp/MPI_Aqua/Aqua_CorrectedReflectance20151226.png,,,,,
/local/S.Rasp/MPI_Aqua/Aqua_CorrectedReflectance20100203.png,22,673,1138,1144,Flower
/local/S.Rasp/MPI_Aqua/Aqua_CorrectedReflectance20101222.png,,,,,
/local/S.Rasp/MPI_Aqua/Aqua_CorrectedReflectance20090105.png,24,334,665,882,Shallow
/local/S.Rasp/MPI_Aqua/Aqua_CorrectedReflectance20110205.png,22,754,746,1129,Cold pool
/local/S.Rasp/MPI_Aqua/Aqua_CorrectedReflectance20110205.png,447,6,1125,522,Shallow
/local/S.Rasp/MPI_Aqua/Aqua_CorrectedReflectance20150227.png,523,432,1120,1112,Shallow
/local/S.Rasp/MPI_Aqua/Aqua_CorrectedReflectance20150203.png,490,10,1133,819,Shallow
/local/S.Rasp/MPI_Aqua/Aqua_CorrectedReflectance20121212.png,207,307,806,799,Shallow
/local/S.Rasp/MPI_Aqua/Aqua_CorrectedReflectance20081231.png,,,,,
/local/S.Rasp/MPI_Aqua/Aqua_CorrectedReflectance20120202.png,203,566,705,1124,Cold pool
/local/S.Rasp/MPI_Aqua/Aqua_CorrectedReflectance20141213.png,,,,,
/local/S.Rasp/MPI_Aqua/Aqua_CorrectedReflectance20130130.png,15,635,533,994,Shallow
/local/S.Rasp/MPI_Aqua/Aqua_CorrectedReflectance20120220.png,,,,,
/local/S.Rasp/MPI_Aqua/Aqua_CorrectedReflectance20111207.png,,,,,
/local/S.Rasp/MPI_Aqua/Aqua_CorrectedReflectance20121214.png,739,686,1140,1081,Shallow
/local/S.Rasp/MPI_Aqua/Aqua_CorrectedReflectance20121214.png,11,731,454,1141,Cold pool
/local/S.Rasp/MPI_Aqua/Aqua_CorrectedReflectance20110102.png,,,,,
/local/S.Rasp/MPI_Aqua/Aqua_CorrectedReflectance20150207.png,22,161,991,1094,Flower
/local/S.Rasp/MPI_Aqua/Aqua_CorrectedReflectance20140123.png,34,513,532,1131,Fishbone
/local/S.Rasp/MPI_Aqua/Aqua_CorrectedReflectance20150130.png,16,30,1101,470,Shallow
/local/S.Rasp/MPI_Aqua/Aqua_CorrectedReflectance20130223.png,218,257,911,654,Shallow
/local/S.Rasp/MPI_Aqua/Aqua_CorrectedReflectance20121201.png,25,682,969,1130,Cold pool
/local/S.Rasp/MPI_Aqua/Aqua_CorrectedReflectance20121201.png,629,5,1060,550,Shallow
/local/S.Rasp/MPI_Aqua/Aqua_CorrectedReflectance20121201.png,639,13,1057,544,Shallow
/local/S.Rasp/MPI_Aqua/Aqua_CorrectedReflectance20121201.png,89,775,907,1135,Cold pool
/local/S.Rasp/MPI_Aqua/Aqua_CorrectedReflectance20080205.png,,,,,
/local/S.Rasp/MPI_Aqua/Aqua_CorrectedReflectance20080202.png,,,,,
/local/S.Rasp/MPI_Aqua/Aqua_CorrectedReflectance20170209.png,2,24,1135,1144,Flower
/local/S.Rasp/MPI_Aqua/Aqua_CorrectedReflectance20170209.png,7,11,1136,1143,Flower
/local/S.Rasp/MPI_Aqua/Aqua_CorrectedReflectance20141219.png,,,,,
/local/S.Rasp/MPI_Aqua/Aqua_CorrectedReflectance20130121.png,,,,,
/local/S.Rasp/MPI_Aqua/Aqua_CorrectedReflectance20131219.png,235,524,782,1130,Cold pool
/local/S.Rasp/MPI_Aqua/Aqua_CorrectedReflectance20100103.png,38,728,1080,1137,Flower
/local/S.Rasp/MPI_Aqua/Aqua_CorrectedReflectance20100103.png,357,6,1131,709,Shallow
/local/S.Rasp/MPI_Aqua/Aqua_CorrectedReflectance20071213.png,590,608,1116,965,Cold pool
/local/S.Rasp/MPI_Aqua/Aqua_CorrectedReflectance20071213.png,26,511,1125,1126,Cold pool
/local/S.Rasp/MPI_Aqua/Aqua_CorrectedReflectance20140202.png,31,256,504,789,Shallow
/local/S.Rasp/MPI_Aqua/Aqua_CorrectedReflectance20141204.png,192,199,618,846,Shallow
/local/S.Rasp/MPI_Aqua/Aqua_CorrectedReflectance20091203.png,471,458,1112,1128,Shallow
/local/S.Rasp/MPI_Aqua/Aqua_CorrectedReflectance20110225.png,24,330,1128,1111,Fishbone
/local/S.Rasp/MPI_Aqua/Aqua_CorrectedReflectance20170207.png,17,665,1133,1139,Flower
/local/S.Rasp/MPI_Aqua/Aqua_CorrectedReflectance20170207.png,11,673,1127,1132,Flower
/local/S.Rasp/MPI_Aqua/Aqua_CorrectedReflectance20161225.png,18,183,1124,1125,Cold pool
/local/S.Rasp/MPI_Aqua/Aqua_CorrectedReflectance20161225.png,30,264,1126,1128,Cold pool
/local/S.Rasp/MPI_Aqua/Aqua_CorrectedReflectance20081206.png,,,,,
/local/S.Rasp/MPI_Aqua/Aqua_CorrectedReflectance20161217.png,18,300,675,702,Shallow
/local/S.Rasp/MPI_Aqua/Aqua_CorrectedReflectance20161217.png,60,249,748,859,Shallow
/local/S.Rasp/MPI_Aqua/Aqua_CorrectedReflectance20161230.png,15,500,949,996,Fishbone
/local/S.Rasp/MPI_Aqua/Aqua_CorrectedReflectance20161230.png,13,480,949,994,Fishbone
/local/S.Rasp/MPI_Aqua/Aqua_CorrectedReflectance20150214.png,25,25,840,1131,Flower
/local/S.Rasp/MPI_Aqua/Aqua_CorrectedReflectance20140210.png,16,655,564,1139,Flower
/local/S.Rasp/MPI_Aqua/Aqua_CorrectedReflectance20120208.png,325,540,855,1132,Cold pool
/local/S.Rasp/MPI_Aqua/Aqua_CorrectedReflectance20150210.png,,,,,
/local/S.Rasp/MPI_Aqua/Aqua_CorrectedReflectance20160228.png,125,34,1124,1128,Shallow
/local/S.Rasp/MPI_Aqua/Aqua_CorrectedReflectance20160228.png,190,27,1117,1135,Shallow
/local/S.Rasp/MPI_Aqua/Aqua_CorrectedReflectance20141211.png,150,486,1131,957,Cold pool
/local/S.Rasp/MPI_Aqua/Aqua_CorrectedReflectance20121229.png,15,17,527,677,Shallow
/local/S.Rasp/MPI_Aqua/Aqua_CorrectedReflectance20161206.png,,,,,
/local/S.Rasp/MPI_Aqua/Aqua_CorrectedReflectance20121202.png,398,208,964,628,Shallow
/local/S.Rasp/MPI_Aqua/Aqua_CorrectedReflectance20121202.png,384,878,1107,1133,Cold pool
/local/S.Rasp/MPI_Aqua/Aqua_CorrectedReflectance20121202.png,468,34,1016,680,Shallow
/local/S.Rasp/MPI_Aqua/Aqua_CorrectedReflectance20140122.png,,,,,
/local/S.Rasp/MPI_Aqua/Aqua_CorrectedReflectance20170228.png,10,375,914,1066,Cold pool
/local/S.Rasp/MPI_Aqua/Aqua_CorrectedReflectance20140207.png,,,,,
/local/S.Rasp/MPI_Aqua/Aqua_CorrectedReflectance20111208.png,,,,,
/local/S.Rasp/MPI_Aqua/Aqua_CorrectedReflectance20170225.png,,,,,
/local/S.Rasp/MPI_Aqua/Aqua_CorrectedReflectance20081204.png,20,180,723,515,Shallow
/local/S.Rasp/MPI_Aqua/Aqua_CorrectedReflectance20090131.png,341,32,1135,507,Fishbone
/local/S.Rasp/MPI_Aqua/Aqua_CorrectedReflectance20110105.png,238,156,1105,809,Shallow
/local/S.Rasp/MPI_Aqua/Aqua_CorrectedReflectance20120105.png,11,26,813,567,Cold pool
/local/S.Rasp/MPI_Aqua/Aqua_CorrectedReflectance20100215.png,3,384,1129,859,Fishbone
/local/S.Rasp/MPI_Aqua/Aqua_CorrectedReflectance20170219.png,,,,,
/local/S.Rasp/MPI_Aqua/Aqua_CorrectedReflectance20161211.png,401,491,914,999,Shallow
/local/S.Rasp/MPI_Aqua/Aqua_CorrectedReflectance20161211.png,80,100,1118,624,Cold pool
/local/S.Rasp/MPI_Aqua/Aqua_CorrectedReflectance20120207.png,107,893,1129,1142,Flower
/local/S.Rasp/MPI_Aqua/Aqua_CorrectedReflectance20130205.png,533,18,1129,591,Shallow
/local/S.Rasp/MPI_Aqua/Aqua_CorrectedReflectance20161209.png,144,560,1123,1079,Shallow
/local/S.Rasp/MPI_Aqua/Aqua_CorrectedReflectance20161209.png,129,567,1086,1104,Shallow
/local/S.Rasp/MPI_Aqua/Aqua_CorrectedReflectance20080228.png,114,485,1134,1136,Flower
/local/S.Rasp/MPI_Aqua/Aqua_CorrectedReflectance20101210.png,141,617,893,1135,Cold pool
/local/S.Rasp/MPI_Aqua/Aqua_CorrectedReflectance20080222.png,218,30,1105,1125,Cold pool
/local/S.Rasp/MPI_Aqua/Aqua_CorrectedReflectance20071209.png,57,307,638,1010,Cold pool
/local/S.Rasp/MPI_Aqua/Aqua_CorrectedReflectance20071209.png,35,329,673,1004,Cold pool
/local/S.Rasp/MPI_Aqua/Aqua_CorrectedReflectance20140126.png,101,295,739,909,Shallow
/local/S.Rasp/MPI_Aqua/Aqua_CorrectedReflectance20130119.png,273,701,980,1144,Cold pool
/local/S.Rasp/MPI_Aqua/Aqua_CorrectedReflectance20071210.png,,,,,
/local/S.Rasp/MPI_Aqua/Aqua_CorrectedReflectance20121204.png,,,,,
/local/S.Rasp/MPI_Aqua/Aqua_CorrectedReflectance20090114.png,306,144,986,1126,Cold pool
/local/S.Rasp/MPI_Aqua/Aqua_CorrectedReflectance20111229.png,229,180,983,933,Shallow
/local/S.Rasp/MPI_Aqua/Aqua_CorrectedReflectance20140213.png,23,240,1117,1130,Flower
/local/S.Rasp/MPI_Aqua/Aqua_CorrectedReflectance20100206.png,134,17,1136,603,Shallow
/local/S.Rasp/MPI_Aqua/Aqua_CorrectedReflectance20161231.png,327,533,1130,895,Fishbone
/local/S.Rasp/MPI_Aqua/Aqua_CorrectedReflectance20161231.png,604,516,1127,942,Fishbone
/local/S.Rasp/MPI_Aqua/Aqua_CorrectedReflectance20110219.png,20,369,752,988,Shallow
/local/S.Rasp/MPI_Aqua/Aqua_CorrectedReflectance20080126.png,,,,,
/local/S.Rasp/MPI_Aqua/Aqua_CorrectedReflectance20160207.png,,,,,
/local/S.Rasp/MPI_Aqua/Aqua_CorrectedReflectance20090227.png,,,,,
/local/S.Rasp/MPI_Aqua/Aqua_CorrectedReflectance20140217.png,11,279,1135,1139,Fishbone
/local/S.Rasp/MPI_Aqua/Aqua_CorrectedReflectance20151201.png,367,0,1139,555,Shallow
/local/S.Rasp/MPI_Aqua/Aqua_CorrectedReflectance20151201.png,424,16,1115,546,Shallow
/local/S.Rasp/MPI_Aqua/Aqua_CorrectedReflectance20130113.png,57,572,1083,1104,Fishbone
/local/S.Rasp/MPI_Aqua/Aqua_CorrectedReflectance20140112.png,98,263,970,676,Shallow
/local/S.Rasp/MPI_Aqua/Aqua_CorrectedReflectance20150106.png,0,27,973,1125,Cold pool
/local/S.Rasp/MPI_Aqua/Aqua_CorrectedReflectance20141206.png,,,,,
/local/S.Rasp/MPI_Aqua/Aqua_CorrectedReflectance20100109.png,20,41,1129,1114,Flower
/local/S.Rasp/MPI_Aqua/Aqua_CorrectedReflectance20081214.png,98,767,1135,1140,Shallow
/local/S.Rasp/MPI_Aqua/Aqua_CorrectedReflectance20071221.png,,,,,
/local/S.Rasp/MPI_Aqua/Aqua_CorrectedReflectance20160215.png,,,,,
/local/S.Rasp/MPI_Aqua/Aqua_CorrectedReflectance20110213.png,16,188,1131,1134,Flower
/local/S.Rasp/MPI_Aqua/Aqua_CorrectedReflectance20090104.png,21,402,840,1128,Flower
/local/S.Rasp/MPI_Aqua/Aqua_CorrectedReflectance20140102.png,25,259,878,836,Shallow
/local/S.Rasp/MPI_Aqua/Aqua_CorrectedReflectance20151220.png,480,196,1098,1061,Flower
/local/S.Rasp/MPI_Aqua/Aqua_CorrectedReflectance20151220.png,488,396,1123,1014,Flower
/local/S.Rasp/MPI_Aqua/Aqua_CorrectedReflectance20150116.png,183,321,1131,968,Shallow
/local/S.Rasp/MPI_Aqua/Aqua_CorrectedReflectance20130219.png,11,71,1131,1135,Flower
/local/S.Rasp/MPI_Aqua/Aqua_CorrectedReflectance20170111.png,,,,,
/local/S.Rasp/MPI_Aqua/Aqua_CorrectedReflectance20161204.png,319,15,1125,830,Cold pool
/local/S.Rasp/MPI_Aqua/Aqua_CorrectedReflectance20161204.png,252,201,1131,1052,Cold pool
/local/S.Rasp/MPI_Aqua/Aqua_CorrectedReflectance20170223.png,,,,,
/local/S.Rasp/MPI_Aqua/Aqua_CorrectedReflectance20120121.png,15,412,769,955,Shallow
/local/S.Rasp/MPI_Aqua/Aqua_CorrectedReflectance20081217.png,,,,,
/local/S.Rasp/MPI_Aqua/Aqua_CorrectedReflectance20120104.png,188,334,1094,907,Fishbone
/local/S.Rasp/MPI_Aqua/Aqua_CorrectedReflectance20140128.png,11,31,1135,1119,Cold pool
/local/S.Rasp/MPI_Aqua/Aqua_CorrectedReflectance20091216.png,23,410,1097,940,Fishbone
/local/S.Rasp/MPI_Aqua/Aqua_CorrectedReflectance20080121.png,18,445,1133,1138,Flower
/local/S.Rasp/MPI_Aqua/Aqua_CorrectedReflectance20080121.png,7,28,1131,438,Fishbone
/local/S.Rasp/MPI_Aqua/Aqua_CorrectedReflectance20090116.png,,,,,
/local/S.Rasp/MPI_Aqua/Aqua_CorrectedReflectance20071202.png,,,,,
/local/S.Rasp/MPI_Aqua/Aqua_CorrectedReflectance20130220.png,574,228,1125,874,Cold pool
/local/S.Rasp/MPI_Aqua/Aqua_CorrectedReflectance20161212.png,199,83,1084,494,Shallow
/local/S.Rasp/MPI_Aqua/Aqua_CorrectedReflectance20161212.png,558,8,1140,508,Shallow
/local/S.Rasp/MPI_Aqua/Aqua_CorrectedReflectance20170103.png,262,562,1129,1040,Shallow
/local/S.Rasp/MPI_Aqua/Aqua_CorrectedReflectance20170103.png,212,453,1120,1081,Shallow
/local/S.Rasp/MPI_Aqua/Aqua_CorrectedReflectance20100115.png,,,,,
/local/S.Rasp/MPI_Aqua/Aqua_CorrectedReflectance20170128.png,556,0,1134,410,Shallow
/local/S.Rasp/MPI_Aqua/Aqua_CorrectedReflectance20170128.png,509,4,1130,551,Shallow
/local/S.Rasp/MPI_Aqua/Aqua_CorrectedReflectance20090214.png,325,463,909,1086,Shallow
/local/S.Rasp/MPI_Aqua/Aqua_CorrectedReflectance20131226.png,,,,,
/local/S.Rasp/MPI_Aqua/Aqua_CorrectedReflectance20091228.png,9,6,1126,700,Shallow
/local/S.Rasp/MPI_Aqua/Aqua_CorrectedReflectance20081221.png,31,318,917,911,Shallow
/local/S.Rasp/MPI_Aqua/Aqua_CorrectedReflectance20140120.png,148,38,936,1140,Cold pool
/local/S.Rasp/MPI_Aqua/Aqua_CorrectedReflectance20120226.png,145,268,1104,1115,Cold pool
/local/S.Rasp/MPI_Aqua/Aqua_CorrectedReflectance20111206.png,,,,,
/local/S.Rasp/MPI_Aqua/Aqua_CorrectedReflectance20090124.png,,,,,
/local/S.Rasp/MPI_Aqua/Aqua_CorrectedReflectance20140212.png,447,22,1130,849,Flower
/local/S.Rasp/MPI_Aqua/Aqua_CorrectedReflectance20080115.png,487,469,866,1103,Cold pool
/local/S.Rasp/MPI_Aqua/Aqua_CorrectedReflectance20141227.png,442,165,1097,653,Shallow
/local/S.Rasp/MPI_Aqua/Aqua_CorrectedReflectance20140205.png,,,,,
/local/S.Rasp/MPI_Aqua/Aqua_CorrectedReflectance20120201.png,13,296,1122,1138,Cold pool
/local/S.Rasp/MPI_Aqua/Aqua_CorrectedReflectance20100126.png,15,316,1133,809,Fishbone
/local/S.Rasp/MPI_Aqua/Aqua_CorrectedReflectance20141224.png,388,44,1107,680,Shallow
/local/S.Rasp/MPI_Aqua/Aqua_CorrectedReflectance20110208.png,523,394,1115,794,Cold pool
/local/S.Rasp/MPI_Aqua/Aqua_CorrectedReflectance20090218.png,530,57,1138,1029,Flower
/local/S.Rasp/MPI_Aqua/Aqua_CorrectedReflectance20151227.png,,,,,
/local/S.Rasp/MPI_Aqua/Aqua_CorrectedReflectance20081216.png,,,,,
/local/S.Rasp/MPI_Aqua/Aqua_CorrectedReflectance20151224.png,145,726,877,1033,Cold pool
/local/S.Rasp/MPI_Aqua/Aqua_CorrectedReflectance20151224.png,32,545,896,1080,Cold pool
/local/S.Rasp/MPI_Aqua/Aqua_CorrectedReflectance20140208.png,,,,,
/local/S.Rasp/MPI_Aqua/Aqua_CorrectedReflectance20130210.png,213,186,910,726,Shallow
/local/S.Rasp/MPI_Aqua/Aqua_CorrectedReflectance20140224.png,17,483,629,1005,Shallow
/local/S.Rasp/MPI_Aqua/Aqua_CorrectedReflectance20080203.png,,,,,
/local/S.Rasp/MPI_Aqua/Aqua_CorrectedReflectance20080102.png,51,787,997,1095,Flower
/local/S.Rasp/MPI_Aqua/Aqua_CorrectedReflectance20170131.png,546,8,1131,825,Shallow
/local/S.Rasp/MPI_Aqua/Aqua_CorrectedReflectance20170131.png,512,0,1129,841,Shallow
/local/S.Rasp/MPI_Aqua/Aqua_CorrectedReflectance20150120.png,16,7,656,717,Shallow
/local/S.Rasp/MPI_Aqua/Aqua_CorrectedReflectance20131220.png,314,26,974,486,Shallow
/local/S.Rasp/MPI_Aqua/Aqua_CorrectedReflectance20120204.png,635,639,1125,1138,Shallow
/local/S.Rasp/MPI_Aqua/Aqua_CorrectedReflectance20160115.png,0,765,1130,1138,Flower
/local/S.Rasp/MPI_Aqua/Aqua_CorrectedReflectance20160115.png,11,784,1133,1120,Flower
/local/S.Rasp/MPI_Aqua/Aqua_CorrectedReflectance20160115.png,17,372,1122,758,Fishbone
/local/S.Rasp/MPI_Aqua/Aqua_CorrectedReflectance20101218.png,3,418,1086,845,Fishbone
/local/S.Rasp/MPI_Aqua/Aqua_CorrectedReflectance20170116.png,,,,,
/local/S.Rasp/MPI_Aqua/Aqua_CorrectedReflectance20130222.png,,,,,
/local/S.Rasp/MPI_Aqua/Aqua_CorrectedReflectance20140130.png,15,405,1106,1131,Cold pool
/local/S.Rasp/MPI_Aqua/Aqua_CorrectedReflectance20131224.png,166,508,692,974,Shallow
/local/S.Rasp/MPI_Aqua/Aqua_CorrectedReflectance20130124.png,87,342,761,1090,Fishbone
/local/S.Rasp/MPI_Aqua/Aqua_CorrectedReflectance20110212.png,15,130,972,1121,Flower
/local/S.Rasp/MPI_Aqua/Aqua_CorrectedReflectance20160113.png,10,11,1132,354,Fishbone
/local/S.Rasp/MPI_Aqua/Aqua_CorrectedReflectance20090216.png,409,17,1130,842,Flower
/local/S.Rasp/MPI_Aqua/Aqua_CorrectedReflectance20111217.png,36,69,1095,1006,Shallow
/local/S.Rasp/MPI_Aqua/Aqua_CorrectedReflectance20120222.png,24,533,453,1124,Shallow
/local/S.Rasp/MPI_Aqua/Aqua_CorrectedReflectance20151210.png,188,176,1114,645,Shallow
/local/S.Rasp/MPI_Aqua/Aqua_CorrectedReflectance20151210.png,25,595,621,1121,Cold pool
/local/S.Rasp/MPI_Aqua/Aqua_CorrectedReflectance20131210.png,42,991,1125,1131,Shallow
/local/S.Rasp/MPI_Aqua/Aqua_CorrectedReflectance20121219.png,524,211,1104,653,Shallow
/local/S.Rasp/MPI_Aqua/Aqua_CorrectedReflectance20100220.png,68,221,1127,883,Flower
/local/S.Rasp/MPI_Aqua/Aqua_CorrectedReflectance20140209.png,614,586,1130,1130,Flower
/local/S.Rasp/MPI_Aqua/Aqua_CorrectedReflectance20151219.png,406,30,1112,421,Shallow
/local/S.Rasp/MPI_Aqua/Aqua_CorrectedReflectance20151219.png,583,18,1131,429,Shallow
/local/S.Rasp/MPI_Aqua/Aqua_CorrectedReflectance20110119.png,362,314,1131,1092,Fishbone
/local/S.Rasp/MPI_Aqua/Aqua_CorrectedReflectance20131217.png,,,,,
/local/S.Rasp/MPI_Aqua/Aqua_CorrectedReflectance20100116.png,3,629,1140,1017,Fishbone
/local/S.Rasp/MPI_Aqua/Aqua_CorrectedReflectance20100116.png,366,39,1131,617,Flower
/local/S.Rasp/MPI_Aqua/Aqua_CorrectedReflectance20141207.png,,,,,
/local/S.Rasp/MPI_Aqua/Aqua_CorrectedReflectance20151212.png,46,90,1107,539,Shallow
/local/S.Rasp/MPI_Aqua/Aqua_CorrectedReflectance20151212.png,13,375,1111,1123,Cold pool
/local/S.Rasp/MPI_Aqua/Aqua_CorrectedReflectance20160107.png,41,15,653,442,Shallow
/local/S.Rasp/MPI_Aqua/Aqua_CorrectedReflectance20160107.png,98,11,629,492,Shallow
/local/S.Rasp/MPI_Aqua/Aqua_CorrectedReflectance20160229.png,430,35,868,739,Shallow
/local/S.Rasp/MPI_Aqua/Aqua_CorrectedReflectance20160229.png,314,202,1119,892,Shallow
/local/S.Rasp/MPI_Aqua/Aqua_CorrectedReflectance20161226.png,24,723,867,1118,Cold pool
/local/S.Rasp/MPI_Aqua/Aqua_CorrectedReflectance20161226.png,41,668,875,1076,Cold pool
/local/S.Rasp/MPI_Aqua/Aqua_CorrectedReflectance20121207.png,12,327,962,660,Fishbone
/local/S.Rasp/MPI_Aqua/Aqua_CorrectedReflectance20161208.png,,,,,
/local/S.Rasp/MPI_Aqua/Aqua_CorrectedReflectance20150218.png,14,265,1117,830,Fishbone
/local/S.Rasp/MPI_Aqua/Aqua_CorrectedReflectance20140223.png,271,667,1081,1113,Cold pool
/local/S.Rasp/MPI_Aqua/Aqua_CorrectedReflectance20111202.png,,,,,
/local/S.Rasp/MPI_Aqua/Aqua_CorrectedReflectance20160220.png,145,267,1090,992,Flower
/local/S.Rasp/MPI_Aqua/Aqua_CorrectedReflectance20160220.png,171,255,1097,988,Flower
/local/S.Rasp/MPI_Aqua/Aqua_CorrectedReflectance20160118.png,287,729,942,1131,Shallow
/local/S.Rasp/MPI_Aqua/Aqua_CorrectedReflectance20160118.png,9,40,757,787,Flower
/local/S.Rasp/MPI_Aqua/Aqua_CorrectedReflectance20160106.png,27,49,1066,1120,Flower
/local/S.Rasp/MPI_Aqua/Aqua_CorrectedReflectance20160106.png,23,55,1041,1134,Flower
/local/S.Rasp/MPI_Aqua/Aqua_CorrectedReflectance20170202.png,398,570,1129,1139,Flower
/local/S.Rasp/MPI_Aqua/Aqua_CorrectedReflectance20170202.png,424,582,1139,1134,Flower
/local/S.Rasp/MPI_Aqua/Aqua_CorrectedReflectance20120109.png,23,497,976,1080,Cold pool
/local/S.Rasp/MPI_Aqua/Aqua_CorrectedReflectance20121227.png,531,11,1128,693,Shallow
/local/S.Rasp/MPI_Aqua/Aqua_CorrectedReflectance20131218.png,15,202,980,880,Fishbone
/local/S.Rasp/MPI_Aqua/Aqua_CorrectedReflectance20170113.png,,,,,
/local/S.Rasp/MPI_Aqua/Aqua_CorrectedReflectance20141215.png,,,,,
/local/S.Rasp/MPI_Aqua/Aqua_CorrectedReflectance20141210.png,0,114,422,1129,Cold pool
/local/S.Rasp/MPI_Aqua/Aqua_CorrectedReflectance20151203.png,446,731,1133,1134,Shallow
/local/S.Rasp/MPI_Aqua/Aqua_CorrectedReflectance20151203.png,10,644,830,1119,Cold pool
/local/S.Rasp/MPI_Aqua/Aqua_CorrectedReflectance20161227.png,17,734,660,1121,Shallow
/local/S.Rasp/MPI_Aqua/Aqua_CorrectedReflectance20161227.png,22,500,1124,1118,Shallow
/local/S.Rasp/MPI_Aqua/Aqua_CorrectedReflectance20080127.png,,,,,
/local/S.Rasp/MPI_Aqua/Aqua_CorrectedReflectance20151204.png,559,513,1124,1003,Shallow
/local/S.Rasp/MPI_Aqua/Aqua_CorrectedReflectance20151204.png,563,476,1129,984,Shallow
/local/S.Rasp/MPI_Aqua/Aqua_CorrectedReflectance20140105.png,106,324,751,1035,Cold pool
/local/S.Rasp/MPI_Aqua/Aqua_CorrectedReflectance20130123.png,7,73,826,443,Fishbone
/local/S.Rasp/MPI_Aqua/Aqua_CorrectedReflectance20120119.png,5,586,385,1127,Shallow
/local/S.Rasp/MPI_Aqua/Aqua_CorrectedReflectance20080229.png,20,131,1140,1128,Flower
/local/S.Rasp/MPI_Aqua/Aqua_CorrectedReflectance20110226.png,20,307,1135,574,Fishbone
/local/S.Rasp/MPI_Aqua/Aqua_CorrectedReflectance20080122.png,244,26,1127,1133,Flower
/local/S.Rasp/MPI_Aqua/Aqua_CorrectedReflectance20161222.png,,,,,
/local/S.Rasp/MPI_Aqua/Aqua_CorrectedReflectance20161213.png,,,,,
/local/S.Rasp/MPI_Aqua/Aqua_CorrectedReflectance20081210.png,131,518,1105,1120,Cold pool
/local/S.Rasp/MPI_Aqua/Aqua_CorrectedReflectance20151206.png,39,169,619,808,Shallow
/local/S.Rasp/MPI_Aqua/Aqua_CorrectedReflectance20151206.png,26,227,602,851,Shallow
/local/S.Rasp/MPI_Aqua/Aqua_CorrectedReflectance20151205.png,28,158,710,697,Shallow
/local/S.Rasp/MPI_Aqua/Aqua_CorrectedReflectance20151205.png,15,21,1127,693,Shallow
/local/S.Rasp/MPI_Aqua/Aqua_CorrectedReflectance20151205.png,79,773,1133,1134,Fishbone
/local/S.Rasp/MPI_Aqua/Aqua_CorrectedReflectance20080214.png,,,,,
/local/S.Rasp/MPI_Aqua/Aqua_CorrectedReflectance20091205.png,21,348,609,1119,Cold pool
/local/S.Rasp/MPI_Aqua/Aqua_CorrectedReflectance20091205.png,772,338,1134,1128,Shallow
/local/S.Rasp/MPI_Aqua/Aqua_CorrectedReflectance20121223.png,417,28,1128,596,Shallow
/local/S.Rasp/MPI_Aqua/Aqua_CorrectedReflectance20160116.png,2,161,808,581,Fishbone
/local/S.Rasp/MPI_Aqua/Aqua_CorrectedReflectance20160116.png,7,162,800,601,Fishbone
/local/S.Rasp/MPI_Aqua/Aqua_CorrectedReflectance20160116.png,8,672,726,1135,Cold pool
/local/S.Rasp/MPI_Aqua/Aqua_CorrectedReflectance20121218.png,245,685,1114,1130,Shallow
/local/S.Rasp/MPI_Aqua/Aqua_CorrectedReflectance20161219.png,12,282,600,941,Cold pool
/local/S.Rasp/MPI_Aqua/Aqua_CorrectedReflectance20161219.png,19,53,1123,923,Cold pool
/local/S.Rasp/MPI_Aqua/Aqua_CorrectedReflectance20110201.png,633,358,1128,837,Cold pool
/local/S.Rasp/MPI_Aqua/Aqua_CorrectedReflectance20101221.png,148,22,1136,534,Cold pool
/local/S.Rasp/MPI_Aqua/Aqua_CorrectedReflectance20091221.png,,,,,
/local/S.Rasp/MPI_Aqua/Aqua_CorrectedReflectance20090107.png,232,623,863,1122,Cold pool
/local/S.Rasp/MPI_Aqua/Aqua_CorrectedReflectance20081224.png,396,16,1115,386,Shallow
/local/S.Rasp/MPI_Aqua/Aqua_CorrectedReflectance20170112.png,,,,,
/local/S.Rasp/MPI_Aqua/Aqua_CorrectedReflectance20110113.png,47,206,1140,1138,Flower
/local/S.Rasp/MPI_Aqua/Aqua_CorrectedReflectance20150107.png,22,42,872,881,Shallow
/local/S.Rasp/MPI_Aqua/Aqua_CorrectedReflectance20150202.png,131,17,1120,888,Shallow
/local/S.Rasp/MPI_Aqua/Aqua_CorrectedReflectance20090103.png,,,,,
/local/S.Rasp/MPI_Aqua/Aqua_CorrectedReflectance20110128.png,15,565,1135,1141,Flower
/local/S.Rasp/MPI_Aqua/Aqua_CorrectedReflectance20110107.png,572,20,1133,505,Shallow
/local/S.Rasp/MPI_Aqua/Aqua_CorrectedReflectance20161205.png,12,29,891,870,Cold pool
/local/S.Rasp/MPI_Aqua/Aqua_CorrectedReflectance20161205.png,22,12,984,842,Cold pool
/local/S.Rasp/MPI_Aqua/Aqua_CorrectedReflectance20080105.png,46,507,426,1073,Cold pool
/local/S.Rasp/MPI_Aqua/Aqua_CorrectedReflectance20080105.png,510,325,1115,675,Shallow
/local/S.Rasp/MPI_Aqua/Aqua_CorrectedReflectance20081209.png,644,558,1136,1042,Cold pool
/local/S.Rasp/MPI_Aqua/Aqua_CorrectedReflectance20170123.png,,,,,
/local/S.Rasp/MPI_Aqua/Aqua_CorrectedReflectance20151215.png,,,,,
/local/S.Rasp/MPI_Aqua/Aqua_CorrectedReflectance20130212.png,54,644,1122,1120,Cold pool
/local/S.Rasp/MPI_Aqua/Aqua_CorrectedReflectance20120113.png,32,13,1129,367,Shallow
/local/S.Rasp/MPI_Aqua/Aqua_CorrectedReflectance20120113.png,95,722,813,1134,Cold pool
/local/S.Rasp/MPI_Aqua/Aqua_CorrectedReflectance20140101.png,23,177,582,1124,Shallow
/local/S.Rasp/MPI_Aqua/Aqua_CorrectedReflectance20131230.png,,,,,
/local/S.Rasp/MPI_Aqua/Aqua_CorrectedReflectance20090213.png,11,714,698,1057,Cold pool
/local/S.Rasp/MPI_Aqua/Aqua_CorrectedReflectance20150201.png,576,103,1117,1124,Shallow
/local/S.Rasp/MPI_Aqua/Aqua_CorrectedReflectance20150125.png,249,21,1122,1119,Shallow
/local/S.Rasp/MPI_Aqua/Aqua_CorrectedReflectance20121222.png,,,,,
/local/S.Rasp/MPI_Aqua/Aqua_CorrectedReflectance20120228.png,8,315,1008,822,Fishbone
/local/S.Rasp/MPI_Aqua/Aqua_CorrectedReflectance20100128.png,2,582,1136,1136,Flower
/local/S.Rasp/MPI_Aqua/Aqua_CorrectedReflectance20100128.png,9,8,1127,306,Fishbone
/local/S.Rasp/MPI_Aqua/Aqua_CorrectedReflectance20150113.png,,,,,
/local/S.Rasp/MPI_Aqua/Aqua_CorrectedReflectance20071222.png,140,106,926,550,Shallow
/local/S.Rasp/MPI_Aqua/Aqua_CorrectedReflectance20090202.png,385,389,1140,998,Fishbone
/local/S.Rasp/MPI_Aqua/Aqua_CorrectedReflectance20141230.png,23,6,957,1135,Shallow
/local/S.Rasp/MPI_Aqua/Aqua_CorrectedReflectance20090212.png,92,797,1110,1122,Cold pool
/local/S.Rasp/MPI_Aqua/Aqua_CorrectedReflectance20120223.png,174,116,1124,850,Flower
/local/S.Rasp/MPI_Aqua/Aqua_CorrectedReflectance20071230.png,397,795,1138,1076,Fishbone
/local/S.Rasp/MPI_Aqua/Aqua_CorrectedReflectance20130125.png,310,323,1130,1119,Flower
/local/S.Rasp/MPI_Aqua/Aqua_CorrectedReflectance20161218.png,298,211,1135,455,Shallow
/local/S.Rasp/MPI_Aqua/Aqua_CorrectedReflectance20161218.png,303,140,1129,487,Shallow
/local/S.Rasp/MPI_Aqua/Aqua_CorrectedReflectance20161218.png,23,497,1097,1107,Cold pool
/local/S.Rasp/MPI_Aqua/Aqua_CorrectedReflectance20091223.png,13,30,782,746,Shallow
/local/S.Rasp/MPI_Aqua/Aqua_CorrectedReflectance20131206.png,,,,,
/local/S.Rasp/MPI_Aqua/Aqua_CorrectedReflectance20140110.png,84,6,805,591,Shallow
/local/S.Rasp/MPI_Aqua/Aqua_CorrectedReflectance20160127.png,,,,,
/local/S.Rasp/MPI_Aqua/Aqua_CorrectedReflectance20150103.png,90,369,760,799,Cold pool
/local/S.Rasp/MPI_Aqua/Aqua_CorrectedReflectance20111225.png,396,597,920,1137,Cold pool
/local/S.Rasp/MPI_Aqua/Aqua_CorrectedReflectance20141226.png,,,,,
/local/S.Rasp/MPI_Aqua/Aqua_CorrectedReflectance20120123.png,18,728,797,1110,Flower
/local/S.Rasp/MPI_Aqua/Aqua_CorrectedReflectance20101204.png,457,809,1134,1140,Fishbone
/local/S.Rasp/MPI_Aqua/Aqua_CorrectedReflectance20131227.png,,,,,
/local/S.Rasp/MPI_Aqua/Aqua_CorrectedReflectance20080217.png,,,,,
/local/S.Rasp/MPI_Aqua/Aqua_CorrectedReflectance20150104.png,23,374,593,1126,Cold pool
/local/S.Rasp/MPI_Aqua/Aqua_CorrectedReflectance20101211.png,16,273,1027,1131,Fishbone
/local/S.Rasp/MPI_Aqua/Aqua_CorrectedReflectance20080124.png,619,497,1125,1127,Shallow
/local/S.Rasp/MPI_Aqua/Aqua_CorrectedReflectance20130107.png,62,75,799,1134,Flower
/local/S.Rasp/MPI_Aqua/Aqua_CorrectedReflectance20091227.png,21,20,1140,770,Shallow
/local/S.Rasp/MPI_Aqua/Aqua_CorrectedReflectance20130211.png,119,653,992,1131,Shallow
/local/S.Rasp/MPI_Aqua/Aqua_CorrectedReflectance20160129.png,,,,,
/local/S.Rasp/MPI_Aqua/Aqua_CorrectedReflectance20080206.png,,,,,
/local/S.Rasp/MPI_Aqua/Aqua_CorrectedReflectance20091214.png,10,176,779,709,Flower
/local/S.Rasp/MPI_Aqua/Aqua_CorrectedReflectance20071211.png,,,,,
/local/S.Rasp/MPI_Aqua/Aqua_CorrectedReflectance20160130.png,670,15,1133,723,Shallow
/local/S.Rasp/MPI_Aqua/Aqua_CorrectedReflectance20160130.png,641,7,1131,767,Shallow
/local/S.Rasp/MPI_Aqua/Aqua_CorrectedReflectance20121220.png,673,6,1133,815,Shallow
/local/S.Rasp/MPI_Aqua/Aqua_CorrectedReflectance20150224.png,25,185,1086,1106,Cold pool
/local/S.Rasp/MPI_Aqua/Aqua_CorrectedReflectance20111223.png,242,14,1126,708,Shallow
/local/S.Rasp/MPI_Aqua/Aqua_CorrectedReflectance20101216.png,419,302,997,803,Cold pool
/local/S.Rasp/MPI_Aqua/Aqua_CorrectedReflectance20150204.png,28,14,1136,620,Shallow
/local/S.Rasp/MPI_Aqua/Aqua_CorrectedReflectance20170217.png,,,,,
/local/S.Rasp/MPI_Aqua/Aqua_CorrectedReflectance20141222.png,85,346,1118,815,Shallow
/local/S.Rasp/MPI_Aqua/Aqua_CorrectedReflectance20150118.png,600,420,1131,938,Cold pool
/local/S.Rasp/MPI_Aqua/Aqua_CorrectedReflectance20100201.png,6,322,1130,1142,Flower
/local/S.Rasp/MPI_Aqua/Aqua_CorrectedReflectance20120209.png,411,148,1016,630,Fishbone
/local/S.Rasp/MPI_Aqua/Aqua_CorrectedReflectance20140228.png,137,617,1092,926,Shallow
/local/S.Rasp/MPI_Aqua/Aqua_CorrectedReflectance20140221.png,154,2,1129,267,Shallow
/local/S.Rasp/MPI_Aqua/Aqua_CorrectedReflectance20110203.png,,,,,
/local/S.Rasp/MPI_Aqua/Aqua_CorrectedReflectance20161203.png,87,496,1094,923,Cold pool
/local/S.Rasp/MPI_Aqua/Aqua_CorrectedReflectance20161203.png,102,507,1078,889,Cold pool
/local/S.Rasp/MPI_Aqua/Aqua_CorrectedReflectance20100226.png,13,662,1133,1131,Fishbone
/local/S.Rasp/MPI_Aqua/Aqua_CorrectedReflectance20100226.png,52,40,1107,624,Shallow
/local/S.Rasp/MPI_Aqua/Aqua_CorrectedReflectance20131231.png,21,792,707,1044,Cold pool
/local/S.Rasp/MPI_Aqua/Aqua_CorrectedReflectance20111212.png,258,30,1100,654,Shallow
/local/S.Rasp/MPI_Aqua/Aqua_CorrectedReflectance20100214.png,,,,,
/local/S.Rasp/MPI_Aqua/Aqua_CorrectedReflectance20080226.png,146,356,1079,1080,Cold pool
/local/S.Rasp/MPI_Aqua/Aqua_CorrectedReflectance20071217.png,41,305,611,651,Shallow
/local/S.Rasp/MPI_Aqua/Aqua_CorrectedReflectance20071217.png,712,790,1136,1114,Cold pool
/local/S.Rasp/MPI_Aqua/Aqua_CorrectedReflectance20120221.png,190,342,892,1028,Shallow
/local/S.Rasp/MPI_Aqua/Aqua_CorrectedReflectance20151231.png,,,,,
/local/S.Rasp/MPI_Aqua/Aqua_CorrectedReflectance20091201.png,167,443,833,1130,Cold pool
/local/S.Rasp/MPI_Aqua/Aqua_CorrectedReflectance20110101.png,544,196,1091,911,Shallow
/local/S.Rasp/MPI_Aqua/Aqua_CorrectedReflectance20091224.png,79,0,828,487,Flower
/local/S.Rasp/MPI_Aqua/Aqua_CorrectedReflectance20120210.png,533,632,1123,1122,Cold pool
/local/S.Rasp/MPI_Aqua/Aqua_CorrectedReflectance20080221.png,88,134,899,559,Cold pool
/local/S.Rasp/MPI_Aqua/Aqua_CorrectedReflectance20161216.png,,,,,
/local/S.Rasp/MPI_Aqua/Aqua_CorrectedReflectance20091225.png,30,21,1129,860,Shallow
/local/S.Rasp/MPI_Aqua/Aqua_CorrectedReflectance20080103.png,94,364,624,1114,Cold pool
/local/S.Rasp/MPI_Aqua/Aqua_CorrectedReflectance20130122.png,78,547,1129,1134,Shallow
/local/S.Rasp/MPI_Aqua/Aqua_CorrectedReflectance20130122.png,5,48,751,585,Flower
/local/S.Rasp/MPI_Aqua/Aqua_CorrectedReflectance20160208.png,6,404,620,932,Fishbone
/local/S.Rasp/MPI_Aqua/Aqua_CorrectedReflectance20081229.png,33,595,1013,1013,Fishbone
/local/S.Rasp/MPI_Aqua/Aqua_CorrectedReflectance20130228.png,15,5,1129,428,Shallow
/local/S.Rasp/MPI_Aqua/Aqua_CorrectedReflectance20140215.png,11,43,1139,1139,Flower
/local/S.Rasp/MPI_Aqua/Aqua_CorrectedReflectance20141221.png,52,235,868,799,Shallow
/local/S.Rasp/MPI_Aqua/Aqua_CorrectedReflectance20121211.png,442,261,1076,1064,Cold pool
/local/S.Rasp/MPI_Aqua/Aqua_CorrectedReflectance20100217.png,34,88,1134,1134,Flower
/local/S.Rasp/MPI_Aqua/Aqua_CorrectedReflectance20140108.png,632,371,1140,962,Cold pool
/local/S.Rasp/MPI_Aqua/Aqua_CorrectedReflectance20100210.png,20,17,1138,818,Flower
/local/S.Rasp/MPI_Aqua/Aqua_CorrectedReflectance20170204.png,,,,,
/local/S.Rasp/MPI_Aqua/Aqua_CorrectedReflectance20080118.png,10,353,683,1090,Cold pool
/local/S.Rasp/MPI_Aqua/Aqua_CorrectedReflectance20080118.png,700,729,1113,1122,Shallow
/local/S.Rasp/MPI_Aqua/Aqua_CorrectedReflectance20110211.png,13,418,1135,1134,Flower
/local/S.Rasp/MPI_Aqua/Aqua_CorrectedReflectance20101229.png,,,,,
/local/S.Rasp/MPI_Aqua/Aqua_CorrectedReflectance20111210.png,,,,,
/local/S.Rasp/MPI_Aqua/Aqua_CorrectedReflectance20090118.png,43,217,1122,1049,Fishbone
/local/S.Rasp/MPI_Aqua/Aqua_CorrectedReflectance20111219.png,,,,,
/local/S.Rasp/MPI_Aqua/Aqua_CorrectedReflectance20110123.png,541,485,1103,1117,Cold pool
/local/S.Rasp/MPI_Aqua/Aqua_CorrectedReflectance20160121.png,446,30,1133,1130,Shallow
/local/S.Rasp/MPI_Aqua/Aqua_CorrectedReflectance20160121.png,466,9,1127,1130,Shallow
/local/S.Rasp/MPI_Aqua/Aqua_CorrectedReflectance20120110.png,,,,,
/local/S.Rasp/MPI_Aqua/Aqua_CorrectedReflectance20130116.png,4,659,916,1135,Flower
/local/S.Rasp/MPI_Aqua/Aqua_CorrectedReflectance20151216.png,,,,,
/local/S.Rasp/MPI_Aqua/Aqua_CorrectedReflectance20100227.png,43,21,1125,743,Shallow
/local/S.Rasp/MPI_Aqua/Aqua_CorrectedReflectance20121205.png,,,,,
/local/S.Rasp/MPI_Aqua/Aqua_CorrectedReflectance20071214.png,,,,,
/local/S.Rasp/MPI_Aqua/Aqua_CorrectedReflectance20141220.png,92,364,1126,1033,Shallow
/local/S.Rasp/MPI_Aqua/Aqua_CorrectedReflectance20151209.png,640,392,1128,931,Shallow
/local/S.Rasp/MPI_Aqua/Aqua_CorrectedReflectance20151209.png,156,89,734,588,Fishbone
/local/S.Rasp/MPI_Aqua/Aqua_CorrectedReflectance20151209.png,174,111,703,603,Fishbone
/local/S.Rasp/MPI_Aqua/Aqua_CorrectedReflectance20080109.png,,,,,
/local/S.Rasp/MPI_Aqua/Aqua_CorrectedReflectance20071206.png,64,32,1108,1108,Cold pool
/local/S.Rasp/MPI_Aqua/Aqua_CorrectedReflectance20071206.png,145,57,1117,1124,Cold pool
/local/S.Rasp/MPI_Aqua/Aqua_CorrectedReflectance20160101.png,37,7,1133,580,Shallow
/local/S.Rasp/MPI_Aqua/Aqua_CorrectedReflectance20160101.png,26,21,1122,569,Shallow
/local/S.Rasp/MPI_Aqua/Aqua_CorrectedReflectance20150225.png,582,717,1120,1106,Shallow
/local/S.Rasp/MPI_Aqua/Aqua_CorrectedReflectance20090115.png,,,,,
/local/S.Rasp/MPI_Aqua/Aqua_CorrectedReflectance20160120.png,362,7,1135,1133,Shallow
/local/S.Rasp/MPI_Aqua/Aqua_CorrectedReflectance20160120.png,458,24,1114,1134,Shallow
/local/S.Rasp/MPI_Aqua/Aqua_CorrectedReflectance20150209.png,142,417,1107,880,Flower
/local/S.Rasp/MPI_Aqua/Aqua_CorrectedReflectance20150114.png,41,820,1096,1144,Cold pool
/local/S.Rasp/MPI_Aqua/Aqua_CorrectedReflectance20110210.png,,,,,
/local/S.Rasp/MPI_Aqua/Aqua_CorrectedReflectance20111205.png,,,,,
/local/S.Rasp/MPI_Aqua/Aqua_CorrectedReflectance20110109.png,25,13,526,1129,Shallow
/local/S.Rasp/MPI_Aqua/Aqua_CorrectedReflectance20080123.png,178,209,1058,1067,Cold pool
/local/S.Rasp/MPI_Aqua/Aqua_CorrectedReflectance20120108.png,88,381,1126,1122,Shallow
/local/S.Rasp/MPI_Aqua/Aqua_CorrectedReflectance20160212.png,308,202,1104,1126,Shallow
/local/S.Rasp/MPI_Aqua/Aqua_CorrectedReflectance20160212.png,375,235,1115,1124,Shallow
/local/S.Rasp/MPI_Aqua/Aqua_CorrectedReflectance20131222.png,57,733,1042,1136,Cold pool
/local/S.Rasp/MPI_Aqua/Aqua_CorrectedReflectance20110206.png,161,230,1097,922,Shallow
/local/S.Rasp/MPI_Aqua/Aqua_CorrectedReflectance20100130.png,16,755,1135,1142,Flower
/local/S.Rasp/MPI_Aqua/Aqua_CorrectedReflectance20100130.png,6,480,1121,743,Fishbone
/local/S.Rasp/MPI_Aqua/Aqua_CorrectedReflectance20121231.png,11,374,916,1141,Flower
/local/S.Rasp/MPI_Aqua/Aqua_CorrectedReflectance20160213.png,279,311,1136,1010,Flower
/local/S.Rasp/MPI_Aqua/Aqua_CorrectedReflectance20160213.png,258,335,1136,1024,Flower
/local/S.Rasp/MPI_Aqua/Aqua_CorrectedReflectance20140125.png,159,255,680,620,Shallow
/local/S.Rasp/MPI_Aqua/Aqua_CorrectedReflectance20160217.png,,,,,
/local/S.Rasp/MPI_Aqua/Aqua_CorrectedReflectance20090121.png,99,312,947,1108,Cold pool
/local/S.Rasp/MPI_Aqua/Aqua_CorrectedReflectance20151225.png,32,353,1123,970,Cold pool
/local/S.Rasp/MPI_Aqua/Aqua_CorrectedReflectance20151225.png,156,405,1126,849,Cold pool
/local/S.Rasp/MPI_Aqua/Aqua_CorrectedReflectance20081230.png,82,793,1122,1133,Flower
/local/S.Rasp/MPI_Aqua/Aqua_CorrectedReflectance20150128.png,361,502,1119,1119,Cold pool
/local/S.Rasp/MPI_Aqua/Aqua_CorrectedReflectance20150128.png,7,12,1125,490,Shallow
/local/S.Rasp/MPI_Aqua/Aqua_CorrectedReflectance20141203.png,,,,,
/local/S.Rasp/MPI_Aqua/Aqua_CorrectedReflectance20071226.png,43,57,1111,526,Shallow
/local/S.Rasp/MPI_Aqua/Aqua_CorrectedReflectance20071226.png,40,556,857,1131,Cold pool
/local/S.Rasp/MPI_Aqua/Aqua_CorrectedReflectance20120124.png,104,813,1128,1136,Shallow
/local/S.Rasp/MPI_Aqua/Aqua_CorrectedReflectance20081226.png,55,734,1113,1019,Shallow
/local/S.Rasp/MPI_Aqua/Aqua_CorrectedReflectance20081226.png,34,284,967,726,Cold pool
/local/S.Rasp/MPI_Aqua/Aqua_CorrectedReflectance20160103.png,,,,,
/local/S.Rasp/MPI_Aqua/Aqua_CorrectedReflectance20090126.png,,,,,
/local/S.Rasp/MPI_Aqua/Aqua_CorrectedReflectance20081228.png,22,354,760,703,Fishbone
/local/S.Rasp/MPI_Aqua/Aqua_CorrectedReflectance20081228.png,40,736,1134,1104,Shallow
/local/S.Rasp/MPI_Aqua/Aqua_CorrectedReflectance20150109.png,368,18,1131,857,Shallow
/local/S.Rasp/MPI_Aqua/Aqua_CorrectedReflectance20110220.png,44,549,804,883,Shallow
/local/S.Rasp/MPI_Aqua/Aqua_CorrectedReflectance20170121.png,356,466,1091,1120,Shallow
/local/S.Rasp/MPI_Aqua/Aqua_CorrectedReflectance20170121.png,201,428,1096,1107,Shallow
/local/S.Rasp/MPI_Aqua/Aqua_CorrectedReflectance20120127.png,10,858,1124,1133,Shallow
/local/S.Rasp/MPI_Aqua/Aqua_CorrectedReflectance20151217.png,26,18,1117,885,Shallow
/local/S.Rasp/MPI_Aqua/Aqua_CorrectedReflectance20151217.png,501,8,1131,532,Shallow
/local/S.Rasp/MPI_Aqua/Aqua_CorrectedReflectance20110202.png,17,246,565,829,Fishbone
/local/S.Rasp/MPI_Aqua/Aqua_CorrectedReflectance20090129.png,11,268,1079,933,Fishbone
/local/S.Rasp/MPI_Aqua/Aqua_CorrectedReflectance20150122.png,71,32,957,1138,Cold pool
/local/S.Rasp/MPI_Aqua/Aqua_CorrectedReflectance20170108.png,310,336,1135,869,Fishbone
/local/S.Rasp/MPI_Aqua/Aqua_CorrectedReflectance20170108.png,286,325,1133,873,Fishbone
/local/S.Rasp/MPI_Aqua/Aqua_CorrectedReflectance20160131.png,563,9,1133,758,Shallow
/local/S.Rasp/MPI_Aqua/Aqua_CorrectedReflectance20160131.png,558,12,1136,769,Shallow
/local/S.Rasp/MPI_Aqua/Aqua_CorrectedReflectance20101227.png,121,39,1100,671,Shallow
/local/S.Rasp/MPI_Aqua/Aqua_CorrectedReflectance20130108.png,27,177,1135,1076,Flower
/local/S.Rasp/MPI_Aqua/Aqua_CorrectedReflectance20150226.png,297,531,1122,927,Shallow
/local/S.Rasp/MPI_Aqua/Aqua_CorrectedReflectance20120107.png,24,446,920,857,Shallow
/local/S.Rasp/MPI_Aqua/Aqua_CorrectedReflectance20090122.png,118,49,1061,1120,Flower
/local/S.Rasp/MPI_Aqua/Aqua_CorrectedReflectance20080208.png,,,,,
/local/S.Rasp/MPI_Aqua/Aqua_CorrectedReflectance20141205.png,,,,,
/local/S.Rasp/MPI_Aqua/Aqua_CorrectedReflectance20101231.png,,,,,
/local/S.Rasp/MPI_Aqua/Aqua_CorrectedReflectance20081213.png,,,,,
/local/S.Rasp/MPI_Aqua/Aqua_CorrectedReflectance20110125.png,,,,,
/local/S.Rasp/MPI_Aqua/Aqua_CorrectedReflectance20080212.png,,,,,
/local/S.Rasp/MPI_Aqua/Aqua_CorrectedReflectance20120224.png,50,648,629,968,Shallow
/local/S.Rasp/MPI_Aqua/Aqua_CorrectedReflectance20100118.png,101,245,1137,1011,Fishbone
/local/S.Rasp/MPI_Aqua/Aqua_CorrectedReflectance20101219.png,388,500,1079,810,Shallow
/local/S.Rasp/MPI_Aqua/Aqua_CorrectedReflectance20090228.png,249,280,918,1141,Flower
/local/S.Rasp/MPI_Aqua/Aqua_CorrectedReflectance20121221.png,39,442,1112,869,Shallow
/local/S.Rasp/MPI_Aqua/Aqua_CorrectedReflectance20151218.png,217,9,1129,702,Shallow
/local/S.Rasp/MPI_Aqua/Aqua_CorrectedReflectance20151218.png,455,13,1130,681,Shallow
/local/S.Rasp/MPI_Aqua/Aqua_CorrectedReflectance20130224.png,,,,,
/local/S.Rasp/MPI_Aqua/Aqua_CorrectedReflectance20091210.png,252,100,1130,1120,Flower
/local/S.Rasp/MPI_Aqua/Aqua_CorrectedReflectance20130217.png,282,34,954,795,Shallow
/local/S.Rasp/MPI_Aqua/Aqua_CorrectedReflectance20170214.png,,,,,
/local/S.Rasp/MPI_Aqua/Aqua_CorrectedReflectance20101217.png,17,260,678,944,Cold pool
/local/S.Rasp/MPI_Aqua/Aqua_CorrectedReflectance20090111.png,62,343,947,1108,Shallow
/local/S.Rasp/MPI_Aqua/Aqua_CorrectedReflectance20071228.png,223,779,1140,1084,Fishbone
/local/S.Rasp/MPI_Aqua/Aqua_CorrectedReflectance20170126.png,,,,,
/local/S.Rasp/MPI_Aqua/Aqua_CorrectedReflectance20091209.png,14,447,1104,1134,Flower
/local/S.Rasp/MPI_Aqua/Aqua_CorrectedReflectance20120219.png,458,236,1130,985,Shallow
/local/S.Rasp/MPI_Aqua/Aqua_CorrectedReflectance20111213.png,23,17,995,462,Shallow
/local/S.Rasp/MPI_Aqua/Aqua_CorrectedReflectance20121228.png,12,632,392,1124,Shallow
/local/S.Rasp/MPI_Aqua/Aqua_CorrectedReflectance20121228.png,142,393,1096,902,Cold pool
/local/S.Rasp/MPI_Aqua/Aqua_CorrectedReflectance20100122.png,,,,,
/local/S.Rasp/MPI_Aqua/Aqua_CorrectedReflectance20160201.png,6,9,846,337,Shallow
/local/S.Rasp/MPI_Aqua/Aqua_CorrectedReflectance20160201.png,1,313,542,925,Flower
/local/S.Rasp/MPI_Aqua/Aqua_CorrectedReflectance20151207.png,62,1,691,410,Shallow
/local/S.Rasp/MPI_Aqua/Aqua_CorrectedReflectance20151207.png,97,12,664,406,Shallow
/local/S.Rasp/MPI_Aqua/Aqua_CorrectedReflectance20091219.png,,,,,
/local/S.Rasp/MPI_Aqua/Aqua_CorrectedReflectance20091206.png,31,86,1015,1118,Cold pool
/local/S.Rasp/MPI_Aqua/Aqua_CorrectedReflectance20140103.png,16,596,900,1124,Cold pool
/local/S.Rasp/MPI_Aqua/Aqua_CorrectedReflectance20140222.png,22,358,736,825,Shallow
/local/S.Rasp/MPI_Aqua/Aqua_CorrectedReflectance20130101.png,16,325,1120,1131,Flower
/local/S.Rasp/MPI_Aqua/Aqua_CorrectedReflectance20150208.png,,,,,
/local/S.Rasp/MPI_Aqua/Aqua_CorrectedReflectance20130213.png,442,155,1125,1126,Cold pool
/local/S.Rasp/MPI_Aqua/Aqua_CorrectedReflectance20140121.png,65,1,790,507,Shallow
/local/S.Rasp/MPI_Aqua/Aqua_CorrectedReflectance20130215.png,16,272,625,1074,Flower
/local/S.Rasp/MPI_Aqua/Aqua_CorrectedReflectance20101226.png,21,18,987,692,Shallow
/local/S.Rasp/MPI_Aqua/Aqua_CorrectedReflectance20111203.png,17,346,702,935,Cold pool
/local/S.Rasp/MPI_Aqua/Aqua_CorrectedReflectance20160227.png,,,,,
/local/S.Rasp/MPI_Aqua/Aqua_CorrectedReflectance20160216.png,,,,,
/local/S.Rasp/MPI_Aqua/Aqua_CorrectedReflectance20120217.png,46,619,748,1096,Cold pool
/local/S.Rasp/MPI_Aqua/Aqua_CorrectedReflectance20120217.png,74,232,880,584,Shallow
/local/S.Rasp/MPI_Aqua/Aqua_CorrectedReflectance20110228.png,2,294,950,1137,Flower
/local/S.Rasp/MPI_Aqua/Aqua_CorrectedReflectance20090113.png,184,347,951,1126,Shallow
/local/S.Rasp/MPI_Aqua/Aqua_CorrectedReflectance20080111.png,,,,,
/local/S.Rasp/MPI_Aqua/Aqua_CorrectedReflectance20120205.png,16,335,1042,897,Shallow
/local/S.Rasp/MPI_Aqua/Aqua_CorrectedReflectance20151222.png,,,,,
/local/S.Rasp/MPI_Aqua/Aqua_CorrectedReflectance20110227.png,3,461,1131,1141,Flower
/local/S.Rasp/MPI_Aqua/Aqua_CorrectedReflectance20111228.png,319,25,1128,847,Shallow
/local/S.Rasp/MPI_Aqua/Aqua_CorrectedReflectance20141229.png,10,627,1131,1144,Fishbone
/local/S.Rasp/MPI_Aqua/Aqua_CorrectedReflectance20141229.png,46,107,1134,603,Shallow
/local/S.Rasp/MPI_Aqua/Aqua_CorrectedReflectance20101202.png,21,683,1133,1130,Flower
/local/S.Rasp/MPI_Aqua/Aqua_CorrectedReflectance20141209.png,30,34,703,699,Shallow
/local/S.Rasp/MPI_Aqua/Aqua_CorrectedReflectance20081223.png,310,468,1099,1058,Cold pool
/local/S.Rasp/MPI_Aqua/Aqua_CorrectedReflectance20150213.png,,,,,
/local/S.Rasp/MPI_Aqua/Aqua_CorrectedReflectance20081201.png,17,26,979,535,Cold pool
/local/S.Rasp/MPI_Aqua/Aqua_CorrectedReflectance20081201.png,22,561,951,984,Shallow
/local/S.Rasp/MPI_Aqua/Aqua_CorrectedReflectance20090109.png,438,555,1128,1127,Cold pool
/local/S.Rasp/MPI_Aqua/Aqua_CorrectedReflectance20090109.png,8,93,1111,531,Shallow
/local/S.Rasp/MPI_Aqua/Aqua_CorrectedReflectance20101203.png,22,550,1027,1133,Flower
/local/S.Rasp/MPI_Aqua/Aqua_CorrectedReflectance20151211.png,249,114,1130,1117,Shallow
/local/S.Rasp/MPI_Aqua/Aqua_CorrectedReflectance20151211.png,362,57,1105,805,Shallow
/local/S.Rasp/MPI_Aqua/Aqua_CorrectedReflectance20130114.png,,,,,
/local/S.Rasp/MPI_Aqua/Aqua_CorrectedReflectance20111214.png,,,,,
/local/S.Rasp/MPI_Aqua/Aqua_CorrectedReflectance20100114.png,15,512,1087,1137,Flower
/local/S.Rasp/MPI_Aqua/Aqua_CorrectedReflectance20160224.png,32,147,590,500,Shallow
/local/S.Rasp/MPI_Aqua/Aqua_CorrectedReflectance20160224.png,26,425,544,1130,Cold pool
/local/S.Rasp/MPI_Aqua/Aqua_CorrectedReflectance20110112.png,31,24,1137,955,Shallow
/local/S.Rasp/MPI_Aqua/Aqua_CorrectedReflectance20091220.png,268,29,1128,701,Flower
/local/S.Rasp/MPI_Aqua/Aqua_CorrectedReflectance20071224.png,565,366,1120,787,Shallow
/local/S.Rasp/MPI_Aqua/Aqua_CorrectedReflectance20130207.png,324,436,1128,937,Fishbone
/local/S.Rasp/MPI_Aqua/Aqua_CorrectedReflectance20101223.png,,,,,
/local/S.Rasp/MPI_Aqua/Aqua_CorrectedReflectance20100204.png,5,690,741,1140,Flower
/local/S.Rasp/MPI_Aqua/Aqua_CorrectedReflectance20161223.png,,,,,
/local/S.Rasp/MPI_Aqua/Aqua_CorrectedReflectance20110106.png,217,20,1128,853,Shallow
/local/S.Rasp/MPI_Aqua/Aqua_CorrectedReflectance20110121.png,163,411,1110,1122,Cold pool
/local/S.Rasp/MPI_Aqua/Aqua_CorrectedReflectance20110221.png,21,639,821,1137,Shallow
/local/S.Rasp/MPI_Aqua/Aqua_CorrectedReflectance20150129.png,,,,,
/local/S.Rasp/MPI_Aqua/Aqua_CorrectedReflectance20120112.png,5,500,559,1127,Shallow
/local/S.Rasp/MPI_Aqua/Aqua_CorrectedReflectance20090210.png,49,111,718,744,Shallow
/local/S.Rasp/MPI_Aqua/Aqua_CorrectedReflectance20111209.png,,,,,
/local/S.Rasp/MPI_Aqua/Aqua_CorrectedReflectance20130131.png,22,660,1133,1098,Fishbone
/local/S.Rasp/MPI_Aqua/Aqua_CorrectedReflectance20140201.png,12,426,749,808,Shallow
/local/S.Rasp/MPI_Aqua/Aqua_CorrectedReflectance20160209.png,,,,,
/local/S.Rasp/MPI_Aqua/Aqua_CorrectedReflectance20071205.png,,,,,
/local/S.Rasp/MPI_Aqua/Aqua_CorrectedReflectance20130104.png,199,59,1135,982,Flower
/local/S.Rasp/MPI_Aqua/Aqua_CorrectedReflectance20090222.png,16,87,963,1131,Flower
/local/S.Rasp/MPI_Aqua/Aqua_CorrectedReflectance20101213.png,294,613,1064,1104,Flower
/local/S.Rasp/MPI_Aqua/Aqua_CorrectedReflectance20080113.png,76,837,899,1108,Cold pool
/local/S.Rasp/MPI_Aqua/Aqua_CorrectedReflectance20160204.png,470,95,1135,686,Shallow
/local/S.Rasp/MPI_Aqua/Aqua_CorrectedReflectance20160204.png,401,95,1119,716,Shallow
/local/S.Rasp/MPI_Aqua/Aqua_CorrectedReflectance20120129.png,12,152,1124,1133,Flower
/local/S.Rasp/MPI_Aqua/Aqua_CorrectedReflectance20101224.png,,,,,
/local/S.Rasp/MPI_Aqua/Aqua_CorrectedReflectance20150217.png,,,,,
/local/S.Rasp/MPI_Aqua/Aqua_CorrectedReflectance20140206.png,595,734,1122,1126,Fishbone
/local/S.Rasp/MPI_Aqua/Aqua_CorrectedReflectance20071223.png,,,,,
/local/S.Rasp/MPI_Aqua/Aqua_CorrectedReflectance20081211.png,16,264,801,1128,Cold pool
/local/S.Rasp/MPI_Aqua/Aqua_CorrectedReflectance20090224.png,11,186,1140,833,Fishbone
/local/S.Rasp/MPI_Aqua/Aqua_CorrectedReflectance20121209.png,302,815,921,1125,Shallow
/local/S.Rasp/MPI_Aqua/Aqua_CorrectedReflectance20080108.png,,,,,
/local/S.Rasp/MPI_Aqua/Aqua_CorrectedReflectance20140118.png,20,305,772,1125,Shallow
/local/S.Rasp/MPI_Aqua/Aqua_CorrectedReflectance20170110.png,474,495,1128,1003,Flower
/local/S.Rasp/MPI_Aqua/Aqua_CorrectedReflectance20170110.png,467,496,1133,1001,Flower
/local/S.Rasp/MPI_Aqua/Aqua_CorrectedReflectance20170104.png,,,,,
/local/S.Rasp/MPI_Aqua/Aqua_CorrectedReflectance20170205.png,405,15,1132,998,Flower
/local/S.Rasp/MPI_Aqua/Aqua_CorrectedReflectance20170205.png,442,9,1131,967,Flower
/local/S.Rasp/MPI_Aqua/Aqua_CorrectedReflectance20120229.png,,,,,
/local/S.Rasp/MPI_Aqua/Aqua_CorrectedReflectance20160108.png,11,20,901,478,Shallow
/local/S.Rasp/MPI_Aqua/Aqua_CorrectedReflectance20160108.png,383,348,1131,1125,Fishbone
/local/S.Rasp/MPI_Aqua/Aqua_CorrectedReflectance20160125.png,196,42,953,840,Shallow
/local/S.Rasp/MPI_Aqua/Aqua_CorrectedReflectance20160125.png,190,27,938,843,Shallow
/local/S.Rasp/MPI_Aqua/Aqua_CorrectedReflectance20091213.png,17,678,1126,1123,Fishbone
/local/S.Rasp/MPI_Aqua/Aqua_CorrectedReflectance20091213.png,32,98,1130,544,Shallow
/local/S.Rasp/MPI_Aqua/Aqua_CorrectedReflectance20120118.png,25,691,1126,1079,Shallow
/local/S.Rasp/MPI_Aqua/Aqua_CorrectedReflectance20091202.png,61,48,975,1087,Cold pool
/local/S.Rasp/MPI_Aqua/Aqua_CorrectedReflectance20100101.png,9,819,932,1102,Shallow
/local/S.Rasp/MPI_Aqua/Aqua_CorrectedReflectance20121230.png,37,174,1078,629,Shallow
/local/S.Rasp/MPI_Aqua/Aqua_CorrectedReflectance20111215.png,8,605,754,1133,Shallow
/local/S.Rasp/MPI_Aqua/Aqua_CorrectedReflectance20091218.png,64,402,1133,910,Fishbone
/local/S.Rasp/MPI_Aqua/Aqua_CorrectedReflectance20091218.png,410,14,1118,376,Shallow
/local/S.Rasp/MPI_Aqua/Aqua_CorrectedReflectance20170206.png,64,175,1127,1131,Flower
/local/S.Rasp/MPI_Aqua/Aqua_CorrectedReflectance20170206.png,51,96,1119,1122,Flower
/local/S.Rasp/MPI_Aqua/Aqua_CorrectedReflectance20130214.png,21,36,1123,1133,Shallow
/local/S.Rasp/MPI_Aqua/Aqua_CorrectedReflectance20100221.png,,,,,
/local/S.Rasp/MPI_Aqua/Aqua_CorrectedReflectance20161228.png,17,252,1116,705,Shallow
/local/S.Rasp/MPI_Aqua/Aqua_CorrectedReflectance20161228.png,65,231,949,676,Shallow
/local/S.Rasp/MPI_Aqua/Aqua_CorrectedReflectance20160104.png,,,,,
/local/S.Rasp/MPI_Aqua/Aqua_CorrectedReflectance20100111.png,207,309,1137,1130,Flower
/local/S.Rasp/MPI_Aqua/Aqua_CorrectedReflectance20091215.png,7,677,1140,1089,Fishbone
/local/S.Rasp/MPI_Aqua/Aqua_CorrectedReflectance20170119.png,,,,,
/local/S.Rasp/MPI_Aqua/Aqua_CorrectedReflectance20100125.png,18,578,1129,1110,Fishbone
/local/S.Rasp/MPI_Aqua/Aqua_CorrectedReflectance20101225.png,28,11,1129,471,Shallow
/local/S.Rasp/MPI_Aqua/Aqua_CorrectedReflectance20160219.png,,,,,
/local/S.Rasp/MPI_Aqua/Aqua_CorrectedReflectance20170120.png,660,58,1098,669,Shallow
/local/S.Rasp/MPI_Aqua/Aqua_CorrectedReflectance20170120.png,191,82,1127,1092,Shallow
/local/S.Rasp/MPI_Aqua/Aqua_CorrectedReflectance20130202.png,9,625,1119,1141,Flower
/local/S.Rasp/MPI_Aqua/Aqua_CorrectedReflectance20130202.png,156,169,1045,495,Fishbone
/local/S.Rasp/MPI_Aqua/Aqua_CorrectedReflectance20080220.png,11,298,747,1122,Cold pool
/local/S.Rasp/MPI_Aqua/Aqua_CorrectedReflectance20110207.png,21,426,1096,1130,Flower
/local/S.Rasp/MPI_Aqua/Aqua_CorrectedReflectance20100219.png,196,163,1121,902,Flower
/local/S.Rasp/MPI_Aqua/Aqua_CorrectedReflectance20110214.png,7,14,1133,1128,Flower
/local/S.Rasp/MPI_Aqua/Aqua_CorrectedReflectance20090102.png,9,478,673,948,Shallow
/local/S.Rasp/MPI_Aqua/Aqua_CorrectedReflectance20111226.png,53,11,1127,973,Shallow
/local/S.Rasp/MPI_Aqua/Aqua_CorrectedReflectance20140113.png,114,492,1123,811,Fishbone
/local/S.Rasp/MPI_Aqua/Aqua_CorrectedReflectance20130102.png,37,108,1054,978,Flower
/local/S.Rasp/MPI_Aqua/Aqua_CorrectedReflectance20071220.png,,,,,
/local/S.Rasp/MPI_Aqua/Aqua_CorrectedReflectance20101207.png,105,534,781,963,Fishbone
/local/S.Rasp/MPI_Aqua/Aqua_CorrectedReflectance20101207.png,34,7,1100,379,Cold pool
/local/S.Rasp/MPI_Aqua/Aqua_CorrectedReflectance20160223.png,18,14,1122,662,Shallow
/local/S.Rasp/MPI_Aqua/Aqua_CorrectedReflectance20160223.png,36,26,1120,664,Shallow
/local/S.Rasp/MPI_Aqua/Aqua_CorrectedReflectance20141228.png,,,,,
/local/S.Rasp/MPI_Aqua/Aqua_CorrectedReflectance20111211.png,,,,,
/local/S.Rasp/MPI_Aqua/Aqua_CorrectedReflectance20120225.png,256,546,901,1036,Shallow
/local/S.Rasp/MPI_Aqua/Aqua_CorrectedReflectance20110118.png,10,29,783,1137,Flower
/local/S.Rasp/MPI_Aqua/Aqua_CorrectedReflectance20150216.png,16,266,1113,1139,Flower
/local/S.Rasp/MPI_Aqua/Aqua_CorrectedReflectance20161220.png,94,732,771,1042,Cold pool
/local/S.Rasp/MPI_Aqua/Aqua_CorrectedReflectance20161220.png,111,694,773,1053,Cold pool
/local/S.Rasp/MPI_Aqua/Aqua_CorrectedReflectance20130115.png,362,580,1115,941,Shallow
/local/S.Rasp/MPI_Aqua/Aqua_CorrectedReflectance20140220.png,,,,,
/local/S.Rasp/MPI_Aqua/Aqua_CorrectedReflectance20090226.png,170,85,976,533,Flower
/local/S.Rasp/MPI_Aqua/Aqua_CorrectedReflectance20130129.png,26,351,1126,936,Flower
/local/S.Rasp/MPI_Aqua/Aqua_CorrectedReflectance20130206.png,622,15,1131,1133,Shallow
/local/S.Rasp/MPI_Aqua/Aqua_CorrectedReflectance20090110.png,11,24,463,731,Shallow
/local/S.Rasp/MPI_Aqua/Aqua_CorrectedReflectance20090110.png,581,618,1129,1119,Cold pool
/local/S.Rasp/MPI_Aqua/Aqua_CorrectedReflectance20100117.png,22,360,1098,859,Fishbone
/local/S.Rasp/MPI_Aqua/Aqua_CorrectedReflectance20170201.png,,,,,
/local/S.Rasp/MPI_Aqua/Aqua_CorrectedReflectance20170118.png,,,,,
/local/S.Rasp/MPI_Aqua/Aqua_CorrectedReflectance20131209.png,20,533,713,1094,Shallow
/local/S.Rasp/MPI_Aqua/Aqua_CorrectedReflectance20140129.png,49,364,1103,1131,Cold pool
/local/S.Rasp/MPI_Aqua/Aqua_CorrectedReflectance20100211.png,15,51,1099,1143,Shallow
/local/S.Rasp/MPI_Aqua/Aqua_CorrectedReflectance20100106.png,17,11,640,845,Shallow
/local/S.Rasp/MPI_Aqua/Aqua_CorrectedReflectance20140211.png,20,254,619,1133,Flower
/local/S.Rasp/MPI_Aqua/Aqua_CorrectedReflectance20080116.png,1,484,1129,1113,Cold pool
/local/S.Rasp/MPI_Aqua/Aqua_CorrectedReflectance20130201.png,4,218,982,681,Fishbone
/local/S.Rasp/MPI_Aqua/Aqua_CorrectedReflectance20081227.png,0,439,750,1044,Fishbone
/local/S.Rasp/MPI_Aqua/Aqua_CorrectedReflectance20160112.png,362,311,1138,681,Fishbone
/local/S.Rasp/MPI_Aqua/Aqua_CorrectedReflectance20160112.png,366,310,1137,671,Fishbone
/local/S.Rasp/MPI_Aqua/Aqua_CorrectedReflectance20170105.png,,,,,
/local/S.Rasp/MPI_Aqua/Aqua_CorrectedReflectance20100113.png,14,160,1130,1126,Flower
/local/S.Rasp/MPI_Aqua/Aqua_CorrectedReflectance20090211.png,,,,,
/local/S.Rasp/MPI_Aqua/Aqua_CorrectedReflectance20071201.png,15,33,472,1126,Shallow
/local/S.Rasp/MPI_Aqua/Aqua_CorrectedReflectance20131213.png,337,21,1113,768,Shallow
/local/S.Rasp/MPI_Aqua/Aqua_CorrectedReflectance20131213.png,228,597,1133,1119,Fishbone
/local/S.Rasp/MPI_Aqua/Aqua_CorrectedReflectance20090219.png,231,524,1137,1052,Flower
/local/S.Rasp/MPI_Aqua/Aqua_CorrectedReflectance20150220.png,86,11,921,799,Shallow
/local/S.Rasp/MPI_Aqua/Aqua_CorrectedReflectance20110103.png,67,191,1095,801,Cold pool
/local/S.Rasp/MPI_Aqua/Aqua_CorrectedReflectance20080224.png,459,160,1120,551,Shallow
/local/S.Rasp/MPI_Aqua/Aqua_CorrectedReflectance20170122.png,158,224,819,600,Cold pool
/local/S.Rasp/MPI_Aqua/Aqua_CorrectedReflectance20170122.png,71,577,1111,1138,Flower
/local/S.Rasp/MPI_Aqua/Aqua_CorrectedReflectance20110124.png,133,161,965,777,Fishbone
/local/S.Rasp/MPI_Aqua/Aqua_CorrectedReflectance20091229.png,13,453,747,933,Cold pool
/local/S.Rasp/MPI_Aqua/Aqua_CorrectedReflectance20081220.png,13,741,712,1125,Shallow
/local/S.Rasp/MPI_Aqua/Aqua_CorrectedReflectance20120227.png,523,33,1128,695,Shallow
/local/S.Rasp/MPI_Aqua/Aqua_CorrectedReflectance20120212.png,188,801,945,1129,Shallow
/local/S.Rasp/MPI_Aqua/Aqua_CorrectedReflectance20081202.png,7,445,578,671,Fishbone
/local/S.Rasp/MPI_Aqua/Aqua_CorrectedReflectance20080125.png,,,,,
/local/S.Rasp/MPI_Aqua/Aqua_CorrectedReflectance20160117.png,580,528,1077,963,Shallow
/local/S.Rasp/MPI_Aqua/Aqua_CorrectedReflectance20160117.png,6,414,657,1011,Cold pool
/local/S.Rasp/MPI_Aqua/Aqua_CorrectedReflectance20100104.png,516,17,1140,562,Shallow
/local/S.Rasp/MPI_Aqua/Aqua_CorrectedReflectance20080223.png,260,589,1131,1137,Cold pool
/local/S.Rasp/MPI_Aqua/Aqua_CorrectedReflectance20080218.png,6,333,609,1103,Cold pool
/local/S.Rasp/MPI_Aqua/Aqua_CorrectedReflectance20151228.png,451,229,1126,659,Shallow
/local/S.Rasp/MPI_Aqua/Aqua_CorrectedReflectance20151228.png,443,248,1135,649,Shallow
/local/S.Rasp/MPI_Aqua/Aqua_CorrectedReflectance20080204.png,,,,,
/local/S.Rasp/MPI_Aqua/Aqua_CorrectedReflectance20130106.png,54,260,868,542,Shallow
/local/S.Rasp/MPI_Aqua/Aqua_CorrectedReflectance20140116.png,420,532,1122,1126,Shallow
/local/S.Rasp/MPI_Aqua/Aqua_CorrectedReflectance20140107.png,448,619,1129,917,Cold pool
/local/S.Rasp/MPI_Aqua/Aqua_CorrectedReflectance20080106.png,285,632,1103,914,Cold pool
/local/S.Rasp/MPI_Aqua/Aqua_CorrectedReflectance20140124.png,620,196,1130,699,Fishbone
/local/S.Rasp/MPI_Aqua/Aqua_CorrectedReflectance20150102.png,510,440,1131,975,Cold pool
/local/S.Rasp/MPI_Aqua/Aqua_CorrectedReflectance20111222.png,1,2,1135,636,Shallow
/local/S.Rasp/MPI_Aqua/Aqua_CorrectedReflectance20170221.png,,,,,
/local/S.Rasp/MPI_Aqua/Aqua_CorrectedReflectance20130109.png,4,201,1126,1139,Flower
/local/S.Rasp/MPI_Aqua/Aqua_CorrectedReflectance20110120.png,15,563,1021,1131,Shallow
/local/S.Rasp/MPI_Aqua/Aqua_CorrectedReflectance20090128.png,17,309,678,670,Cold pool
/local/S.Rasp/MPI_Aqua/Aqua_CorrectedReflectance20101208.png,,,,,
/local/S.Rasp/MPI_Aqua/Aqua_CorrectedReflectance20110217.png,11,31,472,647,Shallow
/local/S.Rasp/MPI_Aqua/Aqua_CorrectedReflectance20071218.png,,,,,
/local/S.Rasp/MPI_Aqua/Aqua_CorrectedReflectance20081225.png,6,502,387,1133,Shallow
/local/S.Rasp/MPI_Aqua/Aqua_CorrectedReflectance20081225.png,574,408,1134,1066,Cold pool
/local/S.Rasp/MPI_Aqua/Aqua_CorrectedReflectance20071204.png,,,,,
/local/S.Rasp/MPI_Aqua/Aqua_CorrectedReflectance20131229.png,,,,,
/local/S.Rasp/MPI_Aqua/Aqua_CorrectedReflectance20170124.png,297,235,1121,1117,Shallow
/local/S.Rasp/MPI_Aqua/Aqua_CorrectedReflectance20170124.png,40,270,1124,1120,Shallow
/local/S.Rasp/MPI_Aqua/Aqua_CorrectedReflectance20091207.png,59,74,961,598,Shallow
/local/S.Rasp/MPI_Aqua/Aqua_CorrectedReflectance20091207.png,38,619,822,1125,Flower
/local/S.Rasp/MPI_Aqua/Aqua_CorrectedReflectance20080101.png,7,515,593,959,Fishbone
/local/S.Rasp/MPI_Aqua/Aqua_CorrectedReflectance20080101.png,6,183,621,465,Shallow
/local/S.Rasp/MPI_Aqua/Aqua_CorrectedReflectance20170208.png,365,454,1129,1132,Flower
/local/S.Rasp/MPI_Aqua/Aqua_CorrectedReflectance20170208.png,348,459,1140,1132,Flower
/local/S.Rasp/MPI_Aqua/Aqua_CorrectedReflectance20071229.png,6,419,903,921,Fishbone
/local/S.Rasp/MPI_Aqua/Aqua_CorrectedReflectance20140216.png,359,765,1138,1143,Fishbone
/local/S.Rasp/MPI_Aqua/Aqua_CorrectedReflectance20170220.png,,,,,
/local/S.Rasp/MPI_Aqua/Aqua_CorrectedReflectance20080107.png,18,639,728,970,Shallow
/local/S.Rasp/MPI_Aqua/Aqua_CorrectedReflectance20091217.png,178,364,1129,721,Fishbone
/local/S.Rasp/MPI_Aqua/Aqua_CorrectedReflectance20140204.png,,,,,
/local/S.Rasp/MPI_Aqua/Aqua_CorrectedReflectance20100123.png,13,396,1131,1144,Flower
/local/S.Rasp/MPI_Aqua/Aqua_CorrectedReflectance20120125.png,5,823,1003,1136,Shallow
/local/S.Rasp/MPI_Aqua/Aqua_CorrectedReflectance20150215.png,22,177,1112,1125,Flower
/local/S.Rasp/MPI_Aqua/Aqua_CorrectedReflectance20080129.png,,,,,
/local/S.Rasp/MPI_Aqua/Aqua_CorrectedReflectance20080112.png,,,,,
/local/S.Rasp/MPI_Aqua/Aqua_CorrectedReflectance20151221.png,31,14,1115,926,Flower
/local/S.Rasp/MPI_Aqua/Aqua_CorrectedReflectance20151221.png,21,9,1137,710,Flower
/local/S.Rasp/MPI_Aqua/Aqua_CorrectedReflectance20160206.png,,,,,
/local/S.Rasp/MPI_Aqua/Aqua_CorrectedReflectance20130111.png,21,55,1129,1140,Flower
/local/S.Rasp/MPI_Aqua/Aqua_CorrectedReflectance20071203.png,,,,,
/local/S.Rasp/MPI_Aqua/Aqua_CorrectedReflectance20150206.png,107,57,1125,848,Flower
/local/S.Rasp/MPI_Aqua/Aqua_CorrectedReflectance20160114.png,11,585,1111,1140,Flower
/local/S.Rasp/MPI_Aqua/Aqua_CorrectedReflectance20101205.png,,,,,
/local/S.Rasp/MPI_Aqua/Aqua_CorrectedReflectance20090130.png,,,,,
/local/S.Rasp/MPI_Aqua/Aqua_CorrectedReflectance20170106.png,16,247,670,737,Shallow
/local/S.Rasp/MPI_Aqua/Aqua_CorrectedReflectance20170106.png,210,706,979,1014,Fishbone
/local/S.Rasp/MPI_Aqua/Aqua_CorrectedReflectance20110115.png,9,133,1129,1138,Flower
/local/S.Rasp/MPI_Aqua/Aqua_CorrectedReflectance20150205.png,,,,,
/local/S.Rasp/MPI_Aqua/Aqua_CorrectedReflectance20130118.png,2,568,1130,1143,Flower
/local/S.Rasp/MPI_Aqua/Aqua_CorrectedReflectance20140131.png,,,,,
/local/S.Rasp/MPI_Aqua/Aqua_CorrectedReflectance20080119.png,2,706,867,1110,Fishbone
/local/S.Rasp/MPI_Aqua/Aqua_CorrectedReflectance20080119.png,43,85,905,623,Shallow
/local/S.Rasp/MPI_Aqua/Aqua_CorrectedReflectance20111218.png,,,,,
/local/S.Rasp/MPI_Aqua/Aqua_CorrectedReflectance20100131.png,37,528,1131,1142,Flower
/local/S.Rasp/MPI_Aqua/Aqua_CorrectedReflectance20130227.png,408,14,1115,666,Shallow
/local/S.Rasp/MPI_Aqua/Aqua_CorrectedReflectance20170102.png,,,,,
/local/S.Rasp/MPI_Aqua/Aqua_CorrectedReflectance20080128.png,,,,,
/local/S.Rasp/MPI_Aqua/Aqua_CorrectedReflectance20170117.png,,,,,
/local/S.Rasp/MPI_Aqua/Aqua_CorrectedReflectance20131216.png,38,6,608,368,Shallow
/local/S.Rasp/MPI_Aqua/Aqua_CorrectedReflectance20160128.png,309,570,1128,1137,Fishbone
/local/S.Rasp/MPI_Aqua/Aqua_CorrectedReflectance20161214.png,36,381,1120,1119,Cold pool
/local/S.Rasp/MPI_Aqua/Aqua_CorrectedReflectance20150121.png,479,441,1103,1112,Shallow
/local/S.Rasp/MPI_Aqua/Aqua_CorrectedReflectance20150105.png,1,492,1140,1130,Shallow
/local/S.Rasp/MPI_Aqua/Aqua_CorrectedReflectance20091226.png,396,18,1133,674,Shallow
/local/S.Rasp/MPI_Aqua/Aqua_CorrectedReflectance20131214.png,398,341,975,1097,Cold pool
/local/S.Rasp/MPI_Aqua/Aqua_CorrectedReflectance20081207.png,,,,,
/local/S.Rasp/MPI_Aqua/Aqua_CorrectedReflectance20120126.png,428,652,1121,1130,Shallow
/local/S.Rasp/MPI_Aqua/Aqua_CorrectedReflectance20090215.png,,,,,
/local/S.Rasp/MPI_Aqua/Aqua_CorrectedReflectance20120106.png,14,105,844,592,Cold pool
/local/S.Rasp/MPI_Aqua/Aqua_CorrectedReflectance20140214.png,34,92,1130,1133,Flower
/local/S.Rasp/MPI_Aqua/Aqua_CorrectedReflectance20131211.png,571,256,1122,906,Shallow
/local/S.Rasp/MPI_Aqua/Aqua_CorrectedReflectance20080219.png,68,484,496,987,Shallow
/local/S.Rasp/MPI_Aqua/Aqua_CorrectedReflectance20080210.png,,,,,
/local/S.Rasp/MPI_Aqua/Aqua_CorrectedReflectance20120111.png,30,497,895,1124,Cold pool
/local/S.Rasp/MPI_Aqua/Aqua_CorrectedReflectance20131203.png,44,829,1107,1129,Shallow
/local/S.Rasp/MPI_Aqua/Aqua_CorrectedReflectance20071231.png,28,635,905,1002,Fishbone
/local/S.Rasp/MPI_Aqua/Aqua_CorrectedReflectance20071231.png,24,237,881,610,Shallow
/local/S.Rasp/MPI_Aqua/Aqua_CorrectedReflectance20140119.png,12,63,867,1119,Shallow
/local/S.Rasp/MPI_Aqua/Aqua_CorrectedReflectance20101220.png,217,770,1115,1142,Cold pool
/local/S.Rasp/MPI_Aqua/Aqua_CorrectedReflectance20080104.png,11,159,402,1144,Cold pool
/local/S.Rasp/MPI_Aqua/Aqua_CorrectedReflectance20080104.png,586,37,1129,516,Shallow
/local/S.Rasp/MPI_Aqua/Aqua_CorrectedReflectance20140127.png,53,218,1131,758,Shallow
/local/S.Rasp/MPI_Aqua/Aqua_CorrectedReflectance20100112.png,11,3,1125,1128,Flower
/local/S.Rasp/MPI_Aqua/Aqua_CorrectedReflectance20071225.png,28,117,574,608,Shallow
/local/S.Rasp/MPI_Aqua/Aqua_CorrectedReflectance20100110.png,16,18,1137,1125,Flower
/local/S.Rasp/MPI_Aqua/Aqua_CorrectedReflectance20081212.png,30,368,1137,1125,Cold pool
/local/S.Rasp/MPI_Aqua/Aqua_CorrectedReflectance20110215.png,200,419,1135,1140,Flower
/local/S.Rasp/MPI_Aqua/Aqua_CorrectedReflectance20170107.png,416,719,1128,1129,Flower
/local/S.Rasp/MPI_Aqua/Aqua_CorrectedReflectance20170107.png,390,657,1126,1139,Flower
/local/S.Rasp/MPI_Aqua/Aqua_CorrectedReflectance20100228.png,,,,,
/local/S.Rasp/MPI_Aqua/Aqua_CorrectedReflectance20080130.png,,,,,
/local/S.Rasp/MPI_Aqua/Aqua_CorrectedReflectance20090223.png,20,347,1122,687,Fishbone
/local/S.Rasp/MPI_Aqua/Aqua_CorrectedReflectance20090223.png,11,704,1126,1137,Flower
/local/S.Rasp/MPI_Aqua/Aqua_CorrectedReflectance20121217.png,462,581,1106,1064,Shallow
/local/S.Rasp/MPI_Aqua/Aqua_CorrectedReflectance20131221.png,297,510,1128,1138,Cold pool
/local/S.Rasp/MPI_Aqua/Aqua_CorrectedReflectance20141202.png,,,,,
/local/S.Rasp/MPI_Aqua/Aqua_CorrectedReflectance20090225.png,508,288,1128,1030,Flower
/local/S.Rasp/MPI_Aqua/Aqua_CorrectedReflectance20141212.png,30,195,817,419,Fishbone
/local/S.Rasp/MPI_Aqua/Aqua_CorrectedReflectance20160225.png,374,637,1125,1129,Cold pool
/local/S.Rasp/MPI_Aqua/Aqua_CorrectedReflectance20160225.png,325,594,1122,1128,Cold pool
/local/S.Rasp/MPI_Aqua/Aqua_CorrectedReflectance20091222.png,10,11,1125,544,Shallow
/local/S.Rasp/MPI_Aqua/Aqua_CorrectedReflectance20071208.png,35,29,1100,779,Cold pool
/local/S.Rasp/MPI_Aqua/Aqua_CorrectedReflectance20071208.png,17,16,987,547,Cold pool
/local/S.Rasp/MPI_Aqua/Aqua_CorrectedReflectance20120211.png,442,507,1139,1005,Cold pool
/local/S.Rasp/MPI_Aqua/Aqua_CorrectedReflectance20110114.png,169,293,1129,1129,Flower
